1406-fonts.css, 1344739, 513.696, 24.76, 3737.8740000000003
uri.0.css, 23, 0.47300000000000003, -439.13, 0.441
stylesheet.1.css, 19, 0.177, -500.0, 0.388
jquery.fullPage.css, 4409, 9.551, 34.25, 11.691999999999998
compress.css21.part4.3.6.test4.css, 32, 0.58, -303.12, 0.506
compress.css21.part7.test1.css, 29, 0.504, -334.48, 0.47100000000000003
compress.restructure.empty.atrule.test2.css, 70, 0.612, -104.29, 0.532
Colors.css, 1350, 3.87, 26.44, 4.039
atrules.s.0.css, 9, 0.165, -1111.11, 0.32
compress.css21.part4.3.2.test5.css, 24, 0.46299999999999997, -412.5, 0.44499999999999995
issue39.test16.css, 59, 0.843, -144.07, 0.5910000000000001
issue45.test1.css, 33, 0.5419999999999999, -290.91, 0.507
merge-blocks2.css, 132, 1.7129999999999999, -77.27, 0.867
mediawiki.action.history.diff.print.css, 275, 1.7260000000000002, -13.82, 1.2570000000000001
filter.2.css, 117, 1.91, -96.58, 0.905
filter.3.css, 117, 1.8370000000000002, -95.73, 1.0050000000000001
atruler.0.css, 16, 0.34, -631.25, 0.416
braces.1.css, 4, 0.114, -1700.0, 0.263
ext.confirmEdit.fancyCaptcha.css, 903, 6.155, 16.83, 3.197
braces.s.4.css, 5, 0.074, -2000.0, 0.279
instructables.css, 55288, 34.5, 34.59, 139.773
issue86.test1.css, 118, 1.8840000000000001, -93.22, 0.88
jquery.ui.theme.css, 17604, 17.831, 35.08, 45.828
migrate.css, 889, 5.842, 20.81, 3.097
nthselector.s.0.css, 25, 0.38499999999999995, -392.0, 0.441
compress.css21.part4.3.6.test8.css, 362, 1.137, 7.73, 1.409
simpleselector.c.1.css, 20, 0.174, -470.0, 0.34400000000000003
compress.css3.selectors.part2.test4.css, 28, 0.423, -346.43, 0.508
@charset.css, 117, 1.365, -89.74, 0.8400000000000001
nthselector.c.0.css, 49, 1.2650000000000001, -179.59, 0.507
attrib.0.css, 6, 0.149, -1666.67, 0.348
compress.css3.selectors.part2.test23.c.css, 71, 0.35100000000000003, -140.85, 0.648
compress.css3.selectors.part2.test3.c.css, 84, 0.47800000000000004, -111.9, 0.565
compress.shorthand.margin.unary.test7.css, 96, 0.848, -108.33, 0.684
ajaxplorer.css, 70912, 42.165, 34.0, 176.56
uri.c.1.css, 37, 0.532, -251.35, 0.6629999999999999
issue39.test21.css, 34, 0.425, -273.53, 0.49700000000000005
atruleb.c.2.css, 124, 0.66, -58.87, 0.772
compress.css3.selectors.part2.test42.css, 16, 0.216, -606.25, 0.412
shThemeDjango.css, 2372, 3.982, 32.04, 6.813
merge-blocks.css, 173, 1.753, -49.13, 1.028
loginhelp.css, 103, 2.166, -118.45, 0.867
changepassword.css, 3397, 10.836, 28.88, 9.644
oojs-ui-mediawiki-icons-media.css, 3183, 8.814, 32.64, 8.744
compress.css21.part4.3.6.test3.css, 27, 0.5429999999999999, -370.37, 0.472
mediawiki.action.history.css, 110, 1.597, -102.73, 0.856
sectionAnchor.css, 98, 1.721, -117.35, 0.914
oojs-ui-mediawiki-icons-user.css, 2253, 7.165, 30.05, 6.617999999999999
braces.s.1.css, 8, 0.09000000000000001, -1225.0, 0.326
compress.css21.part4.3.2.test10.css, 530, 1.918, 22.45, 1.693
demostudio-min52a4.css, 49247, 30.346, 34.89, 124.851
choose_purchase_or_authorization.css, 2034, 6.685, 27.48, 5.829
PDFJSViewer.css, 146, 2.474, -73.29, 1.124
compress.shorthand.margin.test5.css, 125, 1.2979999999999998, -77.6, 0.848
compress.css3.selectors.part2.test1.c.css, 63, 0.24600000000000002, -158.73, 0.623
pydoctheme.css, 2969, 7.675000000000001, 32.97, 8.599
mediawiki.special.userlogin.common.css, 1517, 8.245000000000001, 23.99, 4.636
function.2.css, 13, 0.18100000000000002, -746.15, 0.33399999999999996
compress.css21.part4.3.2.test7.css, 23, 0.516, -439.13, 0.48500000000000004
ext.css, 57796, 41.145, 26.85, 155.547
issue57.test1.css, 56, 0.495, -148.21, 0.51
braces.c.1.css, 20, 0.277, -470.0, 0.339
atrules.0.css, 7, 0.11299999999999999, -1428.57, 0.308
compress.css3.selectors.part2.test10.c.css, 68, 0.319, -150.0, 0.546
unity.css, 268, 1.199, -13.06, 1.1139999999999999
overlay.css, 7399, 16.367, 31.22, 19.932
issue39.test31.css, 110, 0.816, -88.18, 0.708
compress.css21.part4.4.test3.css, 36, 0.317, -250.0, 0.428
compress.restructure.equal.test5.css, 64, 0.205, -103.12, 0.431
compress.css21.part6.3.test3.css, 36, 0.643, -269.44, 0.505
compress.restructure.equal.selectors.test3.css, 80, 0.382, -120.0, 0.5760000000000001
font-relative.css, 1729, 7.997000000000001, 27.36, 5.2940000000000005
directives.css, 336, 1.9719999999999998, -5.95, 1.436
compress.css3.selectors.part2.test5.c.css, 108, 0.901, -82.41, 0.704
mediawiki.special.pagesWithProp.css, 122, 1.72, -86.07, 0.9560000000000001
cologneblue.css, 2689, 6.096, 30.94, 7.64
function.s.5.css, 47, 0.474, -248.94, 0.722
other_chooser.css, 1027, 4.721, 21.42, 3.6510000000000002
jquery.ui.accordion.css, 807, 6.339, 16.36, 3.033
weather-icons.min.css, 12848, 17.430999999999997, 36.15, 32.864
noticons.css, 33987, 28.119999999999997, 23.2, 97.687
compress.css21.part4.3.6.test7.css, 304, 1.0330000000000001, 1.32, 1.1280000000000001
issue39.test9.css, 52, 0.495, -165.38, 0.537
users-min48de.css, 15209, 12.633000000000001, 35.95, 37.919000000000004
issue39.test2.css, 50, 0.342, -164.0, 0.48000000000000004
oojs-ui-mediawiki-icons-layout.css, 8213, 9.472, 37.08, 20.718
atkeyword.1.css, 11, 0.22599999999999998, -909.09, 0.342
issue39.test22.css, 86, 0.601, -118.6, 0.61
jquery.confirmable.css, 766, 4.382, 15.27, 3.221
selector.1.css, 6, 0.133, -1666.67, 0.287
attrib.c.1.css, 40, 0.29500000000000004, -210.0, 0.40700000000000003
ext.inputBox.styles.css, 288, 1.898, -14.58, 1.2409999999999999
issue79.test1.css, 170, 1.339, -47.06, 1.016
interpolation.css, 315, 2.786, -12.7, 1.356
sqlcolors.css, 582, 2.83, 12.54, 2.053
chaturls.css, 402, 3.9360000000000004, -5.47, 1.696
issue78.test2.css, 134, 0.858, -63.43, 0.9039999999999999
simpleselector.s.3.css, 8, 0.131, -1225.0, 0.297
mediawiki.special.changeslist.enhanced.css, 1353, 6.77, 24.69, 4.164000000000001
compress.css3.selectors.part2.test15.css, 24, 0.602, -416.67, 0.456
samples.css, 888, 6.175, 20.61, 2.99
stylee.css, 4550, 11.068, 29.93, 13.532
compress.css3.selectors.part2.test29.c.css, 71, 0.467, -145.07, 0.553
community_main.css, 40821, 27.934, 34.91, 101.313
quit.css, 3608, 12.704, 29.66, 10.697999999999999
bootstrap-datetimepicker.min.css, 6459, 12.911000000000001, 34.73, 17.47
confirmpassword.css, 2858, 8.439, 28.97, 8.023000000000001
compress.css21.part4.3.4.test4.css, 80, 1.1340000000000001, -147.5, 0.8310000000000001
compress.shorthand.margin.test1.css, 114, 1.274, -87.72, 0.796
zero-dimension.css, 147, 1.696, -65.31, 0.901
syntax-prism-min.css, 3905, 8.456, 30.83, 10.822999999999999
simpleselector.0.css, 5, 0.106, -2000.0, 0.28200000000000003
PydioMailer.css, 1589, 4.199, 27.5, 4.859999999999999
nesting.css, 222, 2.028, -29.73, 1.083
ruleset.c.1.css, 87, 0.348, -103.45, 0.612
react-share-form.css, 12136, 14.256, 35.46, 31.145
alt1-js.css, 1408, 3.822, 28.12, 4.183
block.s.3.css, 13, 0.18000000000000002, -746.15, 0.325
unknown.1.css, 15, 0.241, -660.0, 0.35100000000000003
issue39.test4.css, 79, 0.6769999999999999, -131.65, 0.575
ruleset.c.3.css, 107, 0.38699999999999996, -73.83, 0.5810000000000001
percentage.2.css, 7, 0.13999999999999999, -1428.57, 0.376
filter.1.css, 207, 1.913, -36.23, 1.062
Opera9Fixes.css, 205, 2.32, -39.51, 1.131
fileselector.css, 10712, 16.614, 32.55, 28.096
unknown.0.css, 3, 0.052, -2266.67, 0.25999999999999995
compress.shorthand.margin.test7.css, 92, 0.8360000000000001, -114.13, 0.731
arduinoWideRender.css, 5316, 12.326, 31.77, 14.484
issue78.test3.css, 122, 0.74, -72.13, 0.736
compress.css3.selectors.part2.test41.c.css, 81, 0.374, -114.81, 0.544
mainmenu_systemmessages.css, 16963, 18.398999999999997, 33.28, 43.757
sqlEditor.css, 1993, 14.289, 24.74, 6.31
ident.2.css, 3, 0.08399999999999999, -2300.0, 0.24899999999999997
compress.css3.selectors.part2.test36.c.css, 71, 0.5630000000000001, -104.23, 0.541
font-absolute.css, 1716, 7.8549999999999995, 27.86, 4.915
import.css, 789, 3.4819999999999998, 18.0, 2.5370000000000004
compress.css21.part4.3.4.test8.css, 94, 1.88, -128.72, 0.841
extensions.css, 5339, 12.969, 32.89, 14.475
concourse-t2-figs.css, 52247, 33.538, 24.31, 145.603
validationEngine.jquery.css, 2509, 6.182, 30.61, 6.863
viewer.css, 46022, 34.037, 35.16, 113.026
jquery.spinner.css, 807, 4.426, 15.61, 3.782
decldelim.0.css, 2, 0.044, -3450.0, 0.222
issue39.test26.css, 68, 0.5910000000000001, -116.18, 0.588
ruleset.s.3.css, 41, 0.277, -197.56, 0.41100000000000003
compress.shorthand.padding.test2.css, 77, 0.756, -100.0, 0.585
function.5.css, 30, 0.402, -320.0, 0.596
dupe-keyframes.css, 630, 2.673, 16.98, 2.126
compress.colormark.test1.css, 167, 0.959, -40.72, 0.855
oojs-ui-mediawiki-noimages.css, 85389, 44.841, 37.48, 208.584
dedup-selectors.css, 83, 1.08, -100.0, 0.784
ajxp.css, 2061, 6.47, 28.72, 5.874
ruleset.5.css, 219, 2.524, -33.79, 1.351
ruleset.3.css, 19, 0.259, -505.26, 0.368
number.2.css, 6, 0.14400000000000002, -1666.67, 0.297
compress.css3.selectors.part2.test19.c.css, 74, 0.6539999999999999, -144.59, 0.601
share.css, 16148, 17.513, 35.78, 40.875
backgroundvideopanel.css, 16426, 16.51, 36.5, 40.705999999999996
font-family-generic.css, 389, 2.2239999999999998, -0.26, 1.591
braces.s.3.css, 14, 0.154, -678.57, 0.345
sparqlcolors.css, 405, 2.994, 0.0, 1.632
string.3.css, 9, 0.13699999999999998, -1088.89, 0.296
atruleb.s.0.css, 21, 0.251, -452.38, 0.371
compress.css21.part4.3.2.test3.css, 22, 0.483, -463.64, 0.43600000000000005
mainmenu_communitybackground.css, 6797, 14.328000000000001, 32.06, 18.118
ruleset.1.css, 15, 0.223, -653.33, 0.354
checkout.css, 29908, 26.384999999999998, 33.01, 77.944
compress.css3.selectors.part2.test28.css, 23, 0.40700000000000003, -430.43, 0.42700000000000005
function.c.3.css, 42, 0.251, -195.24, 0.41
atruler.c.1.css, 97, 0.504, -91.75, 0.754
shThemeMidnight.css, 2260, 3.891, 31.64, 6.734
shThemeDefault.css, 2277, 3.6679999999999997, 32.72, 6.335
jquery.makeCollapsible.css, 1332, 3.2390000000000003, 29.73, 4.522
braces.7.css, 6, 0.148, -1666.67, 0.307
font_family.css, 323, 2.341, -9.29, 2.2369999999999997
value.vhash.2.css, 8, 0.153, -1237.5, 0.311
shCoreFadeToGrey.css, 7604, 8.085, 37.6, 19.912
data-uri.css, 161, 5.15, -76.4, 1.163
value.color.ident.0.css, 12, 0.25999999999999995, -841.67, 0.345
bootstrap.css, 135832, 57.881, 36.54, 331.681
atruleb.2.css, 24, 0.535, -425.0, 0.462
compress.css21.part6.4.2.test1.css, 22, 0.37, -450.0, 0.41300000000000003
ruleset.2.css, 11, 0.214, -909.09, 0.342
e4_default_winxp_blu.css, 1269, 10.315, 17.97, 4.897
compress.css3.selectors.part2.test7.c.css, 108, 0.839, -82.41, 0.7380000000000001
webbrowser_dialogs.css, 2493, 8.959, 27.36, 7.2459999999999996
nth.4.css, 2, 0.059, -3450.0, 0.23299999999999998
mediawiki.special.changeslist.legend.css, 520, 3.413, 6.54, 2.169
stylesheet.s.1.css, 37, 0.231, -224.32, 0.392
dimension.0.css, 5, 0.124, -2000.0, 0.287
firststeps.css, 903, 5.871, 20.93, 3.3440000000000003
issue78.test1.css, 153, 0.852, -49.02, 0.825
jquery.ui.dialog.css, 2123, 10.123, 28.17, 6.599
simpleselector.1.css, 6, 0.132, -1666.67, 0.296
filter.c.1.css, 147, 1.98, -68.03, 0.9309999999999999
oldshared.css, 7881, 13.966, 35.16, 21.622
profviz.css, 2995, 12.443, 26.98, 8.893
font-awesome.css, 26785, 25.494, 36.71, 66.901
wiki-min48de.css, 65589, 66.432, 34.52, 168.574
compress.css21.part4.3.7.test1.css, 31, 0.414, -306.45, 0.442
compress.css3.selectors.part2.test33.css, 26, 0.406, -376.92, 0.428
shash.1.css, 4, 0.087, -1700.0, 0.27799999999999997
jquery.ui.selectable.css, 323, 4.861, -15.48, 1.512
csharpcolors.css, 627, 2.7369999999999997, 14.67, 2.16
shCoreMidnight.css, 7552, 7.82, 37.61, 19.587
issue71.test1.css, 72, 0.8350000000000001, -112.5, 0.656
add_controller.css, 2245, 11.402000000000001, 26.9, 6.879
load_002.css, 45706, 35.9, 34.67, 113.963
jscolors.css, 600, 3.473, 10.67, 2.19
oojs-ui-mediawiki-icons-editing-advanced.css, 13512, 13.665999999999999, 38.24, 34.111000000000004
jquery.ui.tabs.css, 1302, 6.541, 25.12, 4.08
attrib.c.0.css, 38, 0.25, -223.68, 0.40099999999999997
compress.restructure.margin.test1.css, 55, 0.741, -160.0, 0.6809999999999999
mediawiki.feedback.css, 405, 3.732, -4.94, 1.7249999999999999
compress.shorthand.padding.test7.css, 96, 0.911, -109.38, 0.6930000000000001
issue48.test1.css, 73, 0.393, -135.62, 0.58
issue39.test20.css, 67, 0.46299999999999997, -113.43, 0.533
e4_default_gtk.css, 1243, 8.345, 18.58, 4.505
webfavorites.css, 11858, 16.646, 32.63, 31.696
string.1.css, 7, 0.09000000000000001, -1400.0, 0.28800000000000003
compress.initial.font.test1.css, 224, 1.663, -24.55, 1.0410000000000001
ident.6.css, 3, 0.051, -2300.0, 0.27
cloudconflict.css, 541, 4.106, 4.62, 2.069
font-face.css, 268, 2.033, -18.66, 1.266
prism.css, 4264, 13.965, 27.7, 12.462000000000002
steamstyles.css, 47216, 31.707, 32.52, 121.21600000000001
functionExpression.0.css, 13, 0.236, -769.23, 0.355
issue57.test2.css, 133, 0.719, -58.65, 0.712
login.css, 12380, 17.386, 33.09, 33.24
shThemeVisualStudio.css, 2280, 3.5869999999999997, 32.68, 6.106999999999999
e4_classic_winxp.css, 949, 6.746, 15.07, 3.31
comment2.css, 93, 0.889, -115.05, 0.759
declaration.s.2.css, 17, 0.28800000000000003, -582.35, 0.514
mediawiki.special.search.css, 3452, 8.841, 30.91, 9.347
compress.css21.part6.4.2.test2.css, 37, 0.437, -245.95, 0.46299999999999997
compress.css3.selectors.part2.test6.c.css, 108, 1.013, -82.41, 0.6920000000000001
compress.css3.selectors.part2.test13.c.css, 94, 0.653, -100.0, 0.747
mediawiki.apipretty.css, 128, 1.464, -78.12, 0.9430000000000001
percentage.1.css, 5, 0.101, -2000.0, 0.32699999999999996
text_input.css, 28079, 23.539, 31.92, 73.422
c_code.css, 570, 2.2009999999999996, 13.16, 2.07
value.rgb.2.css, 20, 0.24600000000000002, -475.0, 0.36000000000000004
brown.css, 2071, 10.801, 23.85, 6.554
issue90.test1.css, 48, 0.46299999999999997, -177.08, 0.508
Copy of style.css, 7525, 11.612, 32.39, 21.529
issue39.test8.css, 53, 0.501, -160.38, 0.507
functionExpression.1.css, 15, 0.24000000000000002, -660.0, 0.359
imp.css, 74, 0.695, -109.46, 0.619
wiki-min52a4.css, 65581, 69.345, 34.52, 162.727
stylesheet.4.css, 13, 0.251, -769.23, 0.358
cachedb2df.css, 33348, 31.098, 36.97, 81.035
Shrt_Design.css, 695, 3.9859999999999998, 12.23, 2.559
friends_profile_details.css, 9402, 15.98, 33.39, 24.562
javacolors.css, 646, 3.299, 13.93, 2.4090000000000003
block.0.css, 3, 0.08399999999999999, -2300.0, 0.28400000000000003
issue78.test4.css, 143, 0.843, -56.64, 0.784
jquery.ui.button.css, 14494, 18.270000000000003, 32.25, 37.877
issue81.test1.css, 182, 1.498, -41.76, 0.959
mediawiki.action.edit.collapsibleFooter.css, 441, 3.2529999999999997, 1.81, 1.866
value.1.css, 3, 0.087, -2300.0, 0.245
mixins-args.css, 1379, 4.197, 27.19, 4.0200000000000005
issue39.test6.css, 92, 0.603, -105.43, 0.629
pydio.css, 146162, 66.911, 35.78, 354.026
empty-blocks.css, 96, 0.92, -110.42, 0.7060000000000001
xtree.css, 1562, 5.753, 26.7, 4.7219999999999995
xqcolors.css, 1714, 11.484, 24.5, 5.522
fr-booking.css, 149482, 66.50399999999999, 36.52, 366.56899999999996
attrib.s.0.css, 14, 0.166, -678.57, 0.444
xmlcolors.css, 542, 2.954, 9.59, 2.133
shCoreMDUltra.css, 7531, 7.787999999999999, 37.74, 19.564999999999998
compress.css21.part4.3.4.test3.css, 60, 0.954, -153.33, 0.628
compress.css21.part4.3.7.test5.css, 26, 0.333, -365.38, 0.412
menu.css, 1367, 5.590999999999999, 23.85, 4.378
compress.css21.part6.4.2.test3.css, 81, 0.601, -86.42, 0.664
simpleselector.s.0.css, 7, 0.133, -1400.0, 0.28600000000000003
filter.s.0.css, 120, 2.022, -92.5, 0.8899999999999999
function.s.0.css, 9, 0.159, -1111.11, 0.34
mediawiki.notification.css, 453, 3.113, 1.77, 1.8259999999999998
pagespeed-panel.css, 13713, 21.502, 30.88, 37.623999999999995
compress.css21.part6.3.test5.css, 46, 0.45199999999999996, -193.48, 0.481
compress.css21.part4.3.4.test1.css, 46, 0.785, -208.7, 0.541
narrow_book.css, 3359, 11.564, 32.93, 9.106
alt1-cpp.css, 1677, 4.112, 29.58, 4.753
atruler.s.1.css, 37, 0.40499999999999997, -235.14, 0.523
nthselector.0.css, 17, 0.386, -594.12, 0.41
Opera7Fixes.css, 394, 3.1350000000000002, -4.06, 1.629
compress.css21.part4.3.6.test1.css, 19, 0.333, -521.05, 0.448
mediawiki.special.block.css, 140, 2.585, -78.57, 1.0959999999999999
sh.css, 392, 3.189, -2.04, 1.571
ident.5.css, 3, 0.054, -2300.0, 0.27799999999999997
library_screenshots_slideshow.css, 8218, 14.876000000000001, 32.2, 21.679000000000002
braces.s.2.css, 8, 0.093, -1225.0, 0.30200000000000005
function.s.4.css, 18, 0.258, -533.33, 0.358
simpleselector.12.css, 13, 0.29500000000000004, -784.62, 0.392
block.s.0.css, 5, 0.06999999999999999, -2000.0, 0.26899999999999996
issue39.test3.css, 67, 0.767, -173.13, 0.603
issue76.test2.css, 136, 1.055, -65.44, 0.803
math.css, 928, 3.883, 22.2, 2.907
atruleb.c.0.css, 51, 0.283, -150.98, 0.481
compress.css3.selectors.part2.test3.css, 19, 0.285, -510.53, 0.509
compress.css21.part4.3.7.test6.css, 32, 0.456, -296.88, 0.448
compress.css3.selectors.part2.test34.css, 20, 0.303, -485.0, 0.382
monobook.css, 23430, 29.279, 34.06, 59.538000000000004
labelsClasses.css, 655, 2.26, 14.66, 2.232
testpanel.css, 902, 5.293, 17.85, 2.984
oojs-ui-mediawiki-icons-interactions.css, 8023, 10.062, 37.06, 20.389
simpleselector.s.4.css, 23, 0.224, -395.65, 0.358
examples.css, 4983, 12.907, 29.78, 13.867
dashboards-min48de.css, 3864, 7.6899999999999995, 31.7, 10.583
issue76.test5.css, 161, 0.9520000000000001, -46.58, 0.9420000000000001
compress.css21.part4.4.test2.css, 29, 0.539, -337.93, 0.464
atkeyword.0.css, 8, 0.18000000000000002, -1250.0, 0.32
compress.css3.selectors.part2.test7.css, 29, 0.49799999999999994, -334.48, 0.458
storeapp.css, 61232, 36.41, 33.78, 160.143
issue88.test1.css, 53, 0.554, -162.26, 0.516
music.css, 3445, 10.331, 29.58, 10.252
screenshotbrowser.css, 6762, 13.912, 31.69, 18.342000000000002
block.c.2.css, 22, 0.27599999999999997, -427.27, 0.386
doxygen-custom.css, 12348, 16.421000000000003, 34.03, 33.109
all.css, 185909, 74.104, 36.84, 461.24
atruler.c.0.css, 79, 0.437, -124.05, 0.5680000000000001
declaration.s.3.css, 21, 0.304, -457.14, 0.404
mediabox.css, 2794, 9.865, 27.77, 8.123999999999999
compress.css3.selectors.part2.test35.css, 19, 0.34099999999999997, -515.79, 0.45399999999999996
simpleselector.6.css, 4, 0.111, -1700.0, 0.292
issue39.test7.css, 63, 0.898, -192.06, 0.635
compress.shorthand.padding.test4.css, 518, 1.383, 17.76, 1.778
percentage.0.css, 4, 0.107, -1700.0, 0.273
compress.css3.selectors.part2.test22.c.css, 68, 0.439, -105.88, 0.578
atruleb.s.1.css, 27, 0.339, -340.74, 0.456
uri.1.css, 21, 0.442, -480.95, 0.507
ruleset.0.css, 7, 0.128, -1428.57, 0.333
value.4.css, 6, 0.092, -1666.67, 0.322
cached9cce.css, 9859, 18.357, 33.65, 26.537000000000003
compress.css3.selectors.part2.test27.c.css, 70, 0.365, -145.71, 0.5429999999999999
block.2.css, 6, 0.11, -1666.67, 0.5630000000000001
delim.0.css, 2, 0.034, -3450.0, 0.256
oojs-ui-mediawiki-icons-content.css, 5774, 9.554, 36.08, 14.572
issue16.test1.css, 53, 1.053, -181.13, 0.737
variables.css, 369, 4.502, -11.38, 1.702
reactselect.css, 6314, 10.692, 35.97, 16.281
simpleselector.13.css, 23, 0.523, -439.13, 0.507
compress.restructure.merge.test1.css, 45, 0.27099999999999996, -251.11, 0.46599999999999997
base3860.css, 86057, 50.437999999999995, 34.54, 215.302
number.5.css, 4, 0.079, -1700.0, 0.258
nthselector.s.1.css, 33, 0.47800000000000004, -287.88, 1.224
compress.css3.selectors.part2.test8.css, 29, 0.474, -334.48, 0.462
compress.restructure.merge.test3.css, 62, 0.323, -167.74, 0.5199999999999999
shutdown.css, 740, 6.2940000000000005, 10.0, 2.9450000000000003
compress.css21.part4.3.6.test6.css, 699, 4.783, 20.17, 2.406
mediawiki.notification.hideForPrint.css, 42, 0.895, -238.1, 0.599
mediawiki.hlist.css, 2232, 5.969, 33.96, 6.564
book.css, 3201, 9.832, 31.21, 9.561
feed.css, 2601, 10.88, 31.22, 7.5360000000000005
simpleselector.c.2.css, 20, 0.216, -470.0, 0.384
issue87.test1.css, 85, 2.047, -149.41, 0.85
commonPrint.css, 4852, 13.008000000000001, 34.87, 12.72
docco.css, 7207, 13.180000000000001, 38.16, 18.844
functionExpression.6.css, 17, 0.27099999999999996, -576.47, 0.38699999999999996
issue50.test1.css, 29, 0.29500000000000004, -313.79, 0.41800000000000004
default.css, 5114, 11.953999999999999, 33.69, 13.948
3pane.css, 16484, 22.790000000000003, 32.93, 43.571
mediawiki.special.userlogin.signup.css, 1647, 9.599, 25.5, 5.263
luacolors.css, 634, 3.8080000000000003, 12.46, 2.2680000000000002
oojs-ui-mediawiki-icons-editing-styling.css, 36209, 19.625, 39.21, 86.69200000000001
styleCalendar.css, 1460, 5.897, 23.84, 4.54
escape.css, 272, 2.887, -19.85, 1.313
merge-blocks3.css, 132, 1.514, -74.24, 0.9129999999999999
jquery.ui.progressbar.css, 375, 5.026, -9.6, 1.711
IE50Fixes.css, 1098, 6.011, 20.31, 3.6740000000000004
operator.1.css, 2, 0.030000000000000002, -3450.0, 0.45
shCore.css, 5292, 6.625, 37.41, 14.21
mq.css, 98, 1.272, -82.65, 0.949
stylesheet.c.0.css, 37, 0.308, -232.43, 0.43600000000000005
ident.0.css, 2, 0.066, -3450.0, 0.248
mediawiki.special.changeslist.css, 340, 3.124, -9.71, 1.542
stylesheet.css, 1501, 8.739, 24.12, 4.697
library_recent_addshortcut.css, 995, 6.728, 18.19, 3.907
simpleselector.11.css, 11, 0.188, -909.09, 0.35300000000000004
issue53.test2.css, 31, 0.5599999999999999, -316.13, 0.5199999999999999
createaccount.css, 5464, 12.946, 30.11, 15.119
animate-custom.css, 5466, 7.64, 33.85, 14.758000000000001
users-min52a4.css, 15209, 12.93, 35.95, 37.721
important.c.0.css, 19, 0.367, -521.05, 0.42000000000000004
webcontroller.css, 864, 7.276999999999999, 14.93, 2.994
compress.attrib.string.test1.css, 25, 0.429, -396.0, 0.46
mixins.css, 1267, 2.682, 28.49, 3.947
attrib.1.css, 8, 0.12999999999999998, -1237.5, 0.33799999999999997
stylesheet.s.2.css, 16, 0.158, -593.75, 0.36000000000000004
broswerforms_compact.css, 5072, 12.02, 32.33, 13.886000000000001
e4_classic_win7.css, 950, 7.432, 15.16, 3.1809999999999996
block.s.2.css, 10, 0.185, -990.0, 0.358
compress.css21.part15.6.test1.css, 90, 0.819, -115.56, 0.9560000000000001
zoombox.css, 7492, 13.058, 31.63, 20.490000000000002
compress.css3.selectors.part2.test33.c.css, 77, 0.45199999999999996, -87.01, 0.743
jquery.ui.spinner.css, 1130, 6.484, 22.3, 3.712
calendrier.css, 657, 5.7749999999999995, 9.28, 2.428
compress.css3.selectors.part2.test39.css, 15, 0.186, -640.0, 0.38499999999999995
mdi-subset.css, 1013, 4.822, 22.8, 3.387
request_device_authorization.css, 902, 7.4479999999999995, 14.97, 3.144
order.css, 13728, 16.565, 36.84, 35.259
style.css, 9221, 21.826, 32.02, 24.651
mediawiki.special.version.css, 248, 2.549, -26.61, 1.27
declaration.s.0.css, 16, 0.421, -625.0, 0.41800000000000004
AjxpMailer.css, 1602, 4.509, 29.03, 4.569
plsqlcolors.css, 563, 2.715, 11.9, 2.174
braces.c.3.css, 38, 0.285, -223.68, 0.46900000000000003
a_002.css, 32568, 31.305, 23.31, 91.378
nth.3.css, 5, 0.09000000000000001, -2000.0, 0.29100000000000004
compress.css3.selectors.part2.test32.css, 24, 0.435, -412.5, 0.453
nested.css, 642, 3.235, 14.8, 2.376
stylesheet.3.css, 15, 0.152, -640.0, 0.34
declaration.c.1.css, 23, 0.34099999999999997, -426.09, 0.49700000000000005
shThemeRDark.css, 2256, 4.04, 31.69, 6.321000000000001
attrib.2.css, 4, 0.091, -1700.0, 0.27099999999999996
stylesheet_003.css, 160620, 74.304, 24.63, 447.836
music_playlist_selection.css, 3218, 9.23, 29.27, 9.67
issue39.test17.css, 55, 0.522, -209.09, 0.558
library_recent_activateproduct.css, 851, 7.752, 13.63, 3.062
issue39.test27.css, 63, 0.578, -128.57, 0.553
compress.css3.selectors.part2.test40.css, 16, 0.228, -606.25, 0.366
compress.css3.selectors.part2.test40.c.css, 81, 0.628, -114.81, 0.5640000000000001
template.css, 5412, 11.806000000000001, 34.29, 14.049000000000001
fonts.css, 17067, 12.027, 39.6, 41.053
simpleselector.3.css, 6, 0.127, -1666.67, 0.33799999999999997
property.0.css, 6, 0.134, -1666.67, 0.372
shash.0.css, 5, 0.085, -2000.0, 0.325
simpleselector.c.4.css, 23, 0.208, -395.65, 0.36900000000000005
standby.css, 4580, 11.100999999999999, 31.66, 12.161
nth.2.css, 4, 0.06899999999999999, -1700.0, 0.26899999999999996
atruler.2.css, 28, 0.7380000000000001, -371.43, 0.5569999999999999
compress.restructure.equal.test1.css, 32, 0.255, -271.88, 0.412
compress.css3.selectors.part2.test41.css, 16, 0.24600000000000002, -606.25, 0.38699999999999996
compress.css3.selectors.part2.test21.c.css, 69, 0.368, -146.38, 0.63
compress.shorthand.margin.padding.test1.css, 229, 1.3619999999999999, -21.4, 1.065
mediawiki.special.unwatchedPages.css, 194, 1.74, -40.72, 1.078
compress.css3.selectors.part2.test26.css, 18, 0.326, -544.44, 0.415
global-print.css, 5580, 11.459999999999999, 34.73, 14.45
nth.1.css, 3, 0.078, -2300.0, 0.28200000000000003
IE60Fixes.css, 1727, 4.720000000000001, 27.33, 4.912
compress.css3.selectors.part2.test20.css, 25, 0.41100000000000003, -388.0, 0.46
compress.css21.part6.3.test2.css, 28, 0.57, -357.14, 0.541
compress.css21.part4.3.4.test2.css, 50, 0.861, -192.0, 0.736
jquery.farbtastic.css, 1406, 9.943, 21.34, 4.579
freemarkercolors.css, 766, 3.274, 20.23, 2.851
block.c.3.css, 31, 0.308, -290.32, 0.435
compress.css21.part4.3.2.test6.css, 25, 0.655, -412.0, 0.513
comment.css, 94, 0.6880000000000001, -72.34, 0.639
config.css, 2699, 6.705, 30.31, 7.9830000000000005
asyncnotifications.css, 135, 2.024, -80.0, 1.075
prettify.css, 676, 3.686, 13.17, 2.406
home.css, 18640, 16.975, 36.05, 46.744
demostudio-min48de.css, 49247, 30.376, 34.89, 126.504
builtins.css, 1040, 4.356, 21.83, 3.6870000000000003
cached15be.css, 2844, 13.45, 28.87, 8.319999999999999
rtl.css, 4044, 12.931, 31.85, 11.15
music_queue.css, 5008, 10.76, 31.19, 14.023000000000001
issue50.test2.css, 420, 4.683, -5.71, 1.928
combinator.0.css, 2, 0.029, -3450.0, 0.235
compress.shorthand.padding.test3.css, 100, 0.8059999999999999, -102.0, 0.7240000000000001
ie.css, 376, 3.406, -7.45, 1.703
compress.css3.selectors.part2.test32.c.css, 75, 0.494, -136.0, 0.803
site_demos.css, 1438, 4.08, 28.37, 4.2490000000000006
uri.css, 213, 1.761, -31.92, 1.188
xcb.css, 1695, 4.961, 29.79, 5.365
music_artist.css, 1014, 7.635000000000001, 18.34, 4.8469999999999995
Template_CustomSampleCSS2af1.css, 1923, 8.171, 27.56, 5.555
nthselector.c.1.css, 63, 0.6489999999999999, -179.37, 0.867
issue81.test3.css, 160, 1.487, -52.5, 0.9309999999999999
jquery.suggestions.css, 1254, 4.337, 24.48, 3.823
filter.css, 3760, 8.732999999999999, 33.88, 9.747
number.4.css, 4, 0.10900000000000001, -1700.0, 0.29
button.css, 1486, 7.085, 24.43, 4.564
function.1.css, 8, 0.18100000000000002, -1237.5, 0.33799999999999997
FF2Fixes.css, 85, 1.2630000000000001, -137.65, 0.744
adds.css, 2056, 10.262, 24.95, 6.182
filter.0.css, 116, 1.875, -96.55, 0.8899999999999999
Interwiki.css, 963, 4.706, 21.08, 3.9309999999999996
compress.css3.selectors.part2.test28.c.css, 88, 0.67, -111.36, 0.6970000000000001
mp3-player-button.css, 3434, 18.651999999999997, 27.08, 10.351
function.s.3.css, 18, 0.251, -533.33, 0.428
stylesheet.s.0.css, 15, 0.203, -633.33, 0.363
number.3.css, 4, 0.107, -1700.0, 0.285
basetemplate.css, 2769, 11.568999999999999, 31.09, 7.877999999999999
https-everywhere.css, 2629, 7.861999999999999, 30.54, 7.394
declaration.c.0.css, 23, 0.423, -426.09, 0.449
example.css, 440, 3.474, 1.59, 1.921
filter.5.css, 120, 1.873, -92.5, 0.919
jquery.ui.core.css, 1376, 7.4190000000000005, 24.71, 4.49
google.css, 143, 2.0149999999999997, -63.64, 1.026
refreshlogin.css, 871, 5.182, 15.61, 3.106
compress.css3.selectors.part2.test24.c.css, 70, 0.402, -98.57, 0.535
elements.css, 3167, 8.274000000000001, 30.19, 9.013
jquery.ui.slider.css, 1140, 6.104, 22.63, 3.799
declaration.s.1.css, 16, 0.32, -625.0, 0.397
textdialog.css, 1409, 7.926000000000001, 21.79, 4.454
braces.s.5.css, 8, 0.124, -1225.0, 0.308
ext.rtlcite.css, 184, 2.4589999999999996, -45.11, 1.252
downloader.css, 290, 3.049, -20.0, 1.506
accueil.css, 540, 3.512, 5.74, 2.142
compress.css21.part4.3.2.test1.css, 21, 0.464, -480.95, 0.455
operator.3.css, 2, 0.067, -3450.0, 0.248
issue39.test30.css, 196, 0.966, -29.59, 1.0579999999999998
attrselector.2.css, 3, 0.096, -2300.0, 0.268
cdkey.css, 3626, 10.741999999999999, 29.37, 10.919
nostalgia.css, 546, 4.131, 6.23, 2.213
merge-mq.css, 471, 3.27, 4.25, 1.847
atruler.1.css, 20, 0.472, -500.0, 0.494
ie6-style.css, 165, 2.269, -57.58, 1.166
hacks.css, 60, 0.901, -205.0, 0.634
site_modules.css, 25619, 43.697, 34.06, 68.04499999999999
music_playlist.css, 7713, 14.234, 32.28, 20.801
video-js.css, 14971, 20.835, 34.65, 38.259
combinator.2.css, 2, 0.062, -3450.0, 0.241
arduinoWide.css, 5316, 13.312, 31.77, 15.16
macosx_narrow_book.css, 32, 0.38499999999999995, -287.5, 0.481
compress.restructure.merge.test2.css, 45, 0.289, -251.11, 0.458
compress.shorthand.margin.test6.css, 140, 1.121, -61.43, 0.945
demo.css, 4523, 11.076, 33.98, 12.002
jquery.ui.resizable.css, 1241, 6.36, 22.88, 3.887
music_settings.css, 28, 0.423, -342.86, 0.448
community.css, 7388, 16.54, 32.17, 22.432000000000002
jquery.css, 6513, 18.073999999999998, 29.97, 18.669999999999998
pythoncolors.css, 718, 3.0370000000000004, 15.74, 2.421
music_playlist_rename.css, 2580, 12.278, 26.51, 7.595
compress.css3.selectors.part2.test14.css, 34, 0.671, -288.24, 0.5289999999999999
weather-icons.css, 14928, 18.297, 36.09, 37.983999999999995
simpleselector.10.css, 4, 0.103, -1700.0, 0.268
functionExpression.5.css, 16, 0.27599999999999997, -612.5, 0.384
css_injector_80.css, 841, 6.079000000000001, 15.93, 2.864
diff.css, 2857, 12.524000000000001, 29.82, 8.225
selector_expressions.css, 230, 1.9940000000000002, -27.83, 1.186
comment.0.css, 9, 0.15100000000000002, -1088.89, 0.36200000000000004
allz.css, 156778, 72.695, 35.37, 381.415
braces.6.css, 4, 0.097, -1700.0, 0.26899999999999996
compress.css3.selectors.part2.test30.css, 21, 0.41, -471.43, 0.434
arduinoUno.css, 5316, 12.81, 31.77, 14.551
compress.css21.part6.3.test1.css, 23, 0.477, -434.78, 0.472
controllerbindings_gordon.css, 62495, 37.388999999999996, 33.03, 159.6
schemecolors.css, 787, 2.937, 19.31, 2.557
stylesheet.0.css, 7, 0.12999999999999998, -1428.57, 0.326
360player.css, 5214, 13.993, 30.92, 14.79
compress.restructure.empty.atrule.test1.css, 37, 0.39599999999999996, -245.95, 0.505
compress.css3.selectors.part2.test12.css, 32, 0.687, -309.38, 0.5199999999999999
IE70Fixes.css, 1760, 7.445, 26.82, 5.18
compress.css21.part7.test2.css, 33, 0.646, -296.97, 0.522
mediawiki.searchSuggest.css, 802, 4.101999999999999, 18.33, 2.735
issue53.test1.css, 25, 0.515, -400.0, 0.479
e4_basestyle.css, 1240, 7.3629999999999995, 19.27, 4.827999999999999
keyboard.css, 256, 2.248, -24.61, 1.608
wizardstyles.css, 10236, 18.406, 32.31, 26.792
filter.4.css, 117, 2.1719999999999997, -96.58, 0.877
webpanel.css, 3510, 10.199, 29.97, 9.908
compress.shorthand.margin.unary.test3.css, 100, 0.816, -101.0, 0.691
screen.css, 4259, 9.728, 32.05, 11.518
ajxp_conf.css, 10002, 14.213999999999999, 36.08, 24.68
banner.css, 415, 4.343999999999999, -3.61, 1.825
Design.css, 4243, 12.363000000000001, 30.43, 12.023000000000001
compress.css3.selectors.part2.test35.c.css, 70, 0.41100000000000003, -145.71, 0.565
compress.css3.selectors.part2.test15.c.css, 75, 0.671, -140.0, 0.622
search.css, 4007, 9.209999999999999, 33.87, 11.440000000000001
declaration.c.2.css, 31, 0.386, -303.23, 0.448
shThemeFadeToGrey.css, 2312, 3.827, 31.79, 6.602
mediawiki.action.view.metadata.css, 298, 2.034, -11.41, 1.391
braces.s.0.css, 5, 0.118, -2000.0, 0.305
compress.css21.part4.3.4.test5.css, 50, 0.763, -186.0, 0.5720000000000001
common_rtl.css, 1226, 6.11, 24.23, 3.812
mediawiki.action.edit.css, 359, 4.033, -10.58, 1.849
attrselector.5.css, 2, 0.061, -3450.0, 0.236
braces.c.4.css, 11, 0.178, -900.0, 0.357
value.rgb.1.css, 13, 0.243, -761.54, 0.382
braces.2.css, 4, 0.108, -1700.0, 0.273
function.4.css, 10, 0.212, -1000.0, 0.356
oojs-ui-mediawiki-icons-wikimedia.css, 1768, 7.072, 27.38, 5.872
dummycolors.css, 149, 1.607, -61.74, 0.915
declaration.1.css, 19, 0.332, -521.05, 0.431
ruleset.s.0.css, 17, 0.199, -547.06, 0.391
atruleb.s.2.css, 46, 0.562, -184.78, 0.518
issue82.test1.css, 53, 0.5599999999999999, -162.26, 0.761
mvl.css, 27982, 27.626, 38.41, 69.481
shared.css, 6690, 14.095, 33.54, 17.62
jquery-ui-min48de.css, 27386, 22.282, 35.99, 66.816
compress.css3.selectors.part2.test2.css, 12, 0.155, -808.33, 0.34299999999999997
header.css, 156, 3.075, -69.87, 1.05
combinator.css, 86, 1.119, -134.88, 0.726
store_setcoupon.css, 3148, 10.539, 29.19, 8.920000000000002
compress.css3.selectors.part2.test27.css, 19, 0.29, -515.79, 0.45899999999999996
braces.c.6.css, 20, 0.182, -470.0, 0.373
compress.css21.part4.4.test1.css, 23, 0.5640000000000001, -447.83, 0.491
compress.css3.selectors.part2.test16.css, 23, 1.242, -434.78, 0.462
test.css, 469, 2.7929999999999997, 5.33, 1.784
accessors.css, 205, 2.321, -40.0, 1.632
oojs-ui-mediawiki-icons-location.css, 2188, 9.965, 29.75, 6.398
ident.1.css, 2, 0.041, -3450.0, 0.255
consolepanel.css, 2376, 8.028, 26.68, 7.199
ruleset.s.2.css, 25, 0.22699999999999998, -364.0, 0.479
compress.css3.selectors.part2.test26.c.css, 69, 0.391, -102.9, 0.5770000000000001
@keyframes.css, 483, 1.9220000000000002, 10.14, 1.7249999999999999
compress.css3.selectors.part2.test1.css, 12, 0.16799999999999998, -808.33, 0.358
compress.shorthand.margin.unary.test5.css, 128, 1.2830000000000001, -75.0, 0.957
braces.c.2.css, 20, 0.18100000000000002, -470.0, 0.375
issue79.test2.css, 50, 0.384, -166.0, 0.606
compress.dont.test1.css, 75, 0.94, -110.67, 0.651
webkit.css, 2705, 15.933, 19.56, 8.444999999999999
arity.css, 307, 1.0790000000000002, -1.63, 1.203
functionExpression.3.css, 18, 0.289, -550.0, 0.45199999999999996
debugger.css, 12024, 17.401, 31.48, 32.715
ext.citeThisPage.css, 277, 3.411, -24.19, 1.367
apikeypane.css, 835, 4.337, 19.88, 2.716
compress.css21.part4.3.4.test9.css, 36, 0.669, -266.67, 0.545
fixes.css, 212, 3.012, -38.21, 1.191
mdi.css, 73920, 30.659, 39.29, 176.47199999999998
@import.css, 379, 1.339, 2.9, 1.415
jquery.lightbox-0.5.css, 2266, 11.181999999999999, 26.88, 6.75
compress.css3.selectors.part2.test25.css, 18, 0.254, -544.44, 0.395
issue76.test1.css, 115, 0.882, -86.09, 0.761
compress.css3.selectors.part2.test24.css, 19, 0.317, -515.79, 0.488
function.0.css, 7, 0.11900000000000001, -1428.57, 0.328
IE55Fixes.css, 1348, 5.3759999999999994, 24.04, 4.959
settings.css, 65252, 37.92, 33.92, 164.83
compress.css21.part4.3.6.test5.css, 29, 0.661, -348.28, 0.508
e4_default_winxp_olv.css, 1290, 10.738, 18.91, 4.205
compress.css3.selectors.part2.test31.c.css, 71, 0.5379999999999999, -143.66, 0.607
compress.css3.selectors.part2.test37.css, 17, 0.296, -582.35, 0.539
launchoptions.css, 171, 2.35, -55.56, 1.07
atruleb.0.css, 11, 0.219, -909.09, 0.35100000000000003
view.css, 10525, 14.765, 33.21, 27.307000000000002
attrselector.1.css, 3, 0.057, -2300.0, 0.23900000000000002
e4_default_mac.css, 1256, 8.831, 17.83, 4.4270000000000005
number.7.css, 9, 0.136, -1088.89, 0.298
important.0.css, 11, 0.23, -909.09, 0.373
quotes.css, 458, 2.7430000000000003, 2.4, 1.823
time.css, 307, 1.795, -9.45, 1.247
compress.restructure.margin.test2.css, 110, 1.081, -87.27, 0.743
blue.css, 1901, 10.36, 22.09, 6.097
scilab_code.css, 1146, 2.985, 26.35, 3.363
mainmenu_storebackground.css, 5851, 12.781, 30.97, 17.633
atrules.s.1.css, 13, 0.206, -753.85, 0.339
attrselector.4.css, 3, 0.07100000000000001, -2300.0, 0.245
music_library.css, 28332, 23.397000000000002, 33.09, 73.086
compress.restructure.equal.test4.css, 68, 0.298, -97.06, 0.465
value.2.css, 8, 0.152, -1237.5, 0.367
konami.css, 116, 1.453, -91.38, 0.786
oojs-ui-mediawiki-icons-movement.css, 4615, 8.651000000000002, 35.08, 12.28
Opera6Fixes.css, 334, 3.693, -13.17, 1.613
space.css, 66, 0.909, -130.3, 0.68
compress.restructure.background.test3.css, 54, 1.047, -172.22, 0.768
config-cc.css, 797, 5.3020000000000005, 13.93, 2.8609999999999998
simpleselector.c.3.css, 20, 0.21000000000000002, -470.0, 0.398
waitingforgames.css, 78, 1.1329999999999998, -151.28, 0.862
block.1.css, 4, 0.092, -1700.0, 0.252
slimbox.css, 1272, 8.156, 20.68, 4.076
gamesList.css, 1000, 8.889, 15.9, 3.7
mediawiki.sectionAnchor.css, 40, 0.8310000000000001, -250.0, 0.5630000000000001
rdoc.css, 12560, 22.281, 32.91, 33.613
function.c.4.css, 42, 0.253, -195.24, 0.408
pseudo-elem.css, 140, 1.087, -62.86, 0.8140000000000001
mediawiki.special.edittags.css, 253, 2.645, -24.9, 1.4
swipebox.min.css, 3713, 9.093, 31.48, 10.112
calendarview.css, 1074, 3.519, 24.67, 4.034000000000001
green.css, 1905, 10.220999999999998, 22.62, 6.002999999999999
jquery.footHovzer.css, 84, 1.8840000000000001, -146.43, 0.9420000000000001
operator.0.css, 2, 0.054, -3450.0, 0.22599999999999998
steamguard.css, 2014, 8.187, 25.12, 5.995
compress.dont.background.test2.css, 151, 1.219, -54.3, 1.03
compress.css3.selectors.part2.test4.c.css, 107, 0.7789999999999999, -83.18, 0.671
view2.css, 10717, 15.037, 33.25, 28.861
a.css, 116428, 65.99, 28.89, 306.00300000000004
mixin_merging.css, 664, 2.6580000000000004, 16.87, 2.234
compress.css3.selectors.part2.test14.c.css, 99, 0.9, -94.95, 0.796
jquery.countdown.css, 1734, 7.122, 23.13, 5.31
footer.css, 699, 4.683, 15.88, 2.455
atrules.c.0.css, 15, 0.176, -640.0, 0.339
music_playlist_add.css, 2579, 11.506, 26.64, 7.760999999999999
issue39.test1.css, 45, 0.33, -188.89, 0.45399999999999996
ruleset.c.0.css, 47, 0.24000000000000002, -168.09, 0.464
number.css, 223, 1.41, -27.35, 1.383
rolesEditor.css, 9040, 15.95, 35.52, 24.839
jquery-ui-min52a4.css, 27386, 22.471999999999998, 35.99, 67.72200000000001
stylesPourWiki.css, 5380, 11.370999999999999, 31.13, 14.699
mdn-min52a4.css, 79652, 47.894, 32.49, 201.91899999999998
compress.mess.test3.css, 127, 1.137, -75.59, 0.803
mediawiki.action.view.redirectPage.css, 2072, 5.632, 30.5, 5.779
compress.css3.selectors.part2.test23.css, 20, 0.315, -485.0, 0.439
compress.css21.part4.3.2.test4.css, 21, 0.41800000000000004, -476.19, 0.42700000000000005
print.css, 131, 1.484, -77.1, 1.004
mediawiki.special.userlogin.login.css, 224, 3.1710000000000003, -37.05, 1.228
atrules.2.css, 14, 0.28200000000000003, -721.43, 0.421
normalize.css, 8920, 16.741, 37.26, 22.268
playerControls.css, 2027, 6.966, 26.84, 6.016
streamoptions.css, 454, 4.678, -1.98, 1.955
issue52.test1.css, 53, 0.7649999999999999, -173.58, 0.683
basic.css, 7113, 8.435, 39.2, 18.037999999999997
controllerbindings.css, 49831, 31.701, 32.66, 127.21099999999998
xml_code.css, 1052, 2.7950000000000004, 25.95, 3.484
block.c.1.css, 20, 0.199, -470.0, 0.354
mediawiki.action.view.postEdit.css, 1473, 5.927, 24.37, 4.694
compress.css3.selectors.part2.test8.c.css, 108, 0.9, -81.48, 0.726
functionExpression.7.css, 19, 0.313, -515.79, 0.421
store.css, 34708, 25.23, 34.03, 93.095
filter.s.1.css, 215, 1.9449999999999998, -34.42, 1.119
loginuser.css, 10551, 15.339, 32.69, 28.134
compress.simpleselector.test11.css, 24, 0.339, -400.0, 0.406
compress.shorthand.padding.test1.css, 118, 1.119, -83.9, 0.878
mediawiki.special.changeemail.css, 425, 3.045, -0.94, 1.703
installer.css, 2029, 9.627, 28.34, 6.433999999999999
e4_default_mru_on_win7.css, 1224, 9.797, 17.24, 4.109
IEMacFixes.css, 782, 4.466, 16.5, 2.665
dimension.2.css, 8, 0.174, -1250.0, 0.315
compress.css3.selectors.part2.test21.css, 18, 0.27099999999999996, -544.44, 0.372
issue39.test15.css, 61, 0.64, -190.16, 0.74
operator.2.css, 2, 0.057, -3450.0, 0.231
compress.css21.part4.3.7.test4.css, 33, 0.458, -281.82, 0.449
attrselector.3.css, 3, 0.078, -2300.0, 0.241
stylesheet.s.3.css, 22, 0.27799999999999997, -431.82, 0.431
compress.css21.part4.3.2.test9.css, 420, 1.617, 17.62, 1.434
ThirdPartyLegalNotices.css, 405, 5.436, -7.9, 1.7930000000000001
compress.dont.background.test3.css, 449, 2.238, 5.79, 1.728
jquery.badge.css, 575, 4.746, 5.22, 2.1519999999999997
compress.restructure.equal.test3.css, 68, 0.29300000000000004, -97.06, 0.49
parental.css, 16498, 18.289, 33.35, 42.568000000000005
vhash.1.css, 4, 0.114, -1700.0, 0.307
atruleb.1.css, 16, 0.35100000000000003, -625.0, 0.38
declaration.0.css, 15, 0.264, -660.0, 0.365
jquery.arrowSteps.css, 1078, 4.395, 22.08, 3.552
atrules.c.1.css, 25, 0.225, -364.0, 0.37
disabled_book.css, 356, 3.079, -6.74, 1.677
fontfaces.css, 1627, 4.831, 28.03, 4.772
pattern_matching.css, 720, 2.474, 21.25, 2.503
compress.restructure.equal.test7.css, 46, 0.371, -178.26, 0.46
filter.c.0.css, 132, 2.1580000000000004, -80.3, 0.9
compress.restructure.merge.test4.css, 94, 0.312, -86.17, 0.5429999999999999
dedup-media.css, 111, 0.9600000000000001, -90.99, 0.767
rotator.css, 1950, 5.57, 30.82, 5.623
important.s.0.css, 13, 0.24600000000000002, -769.23, 0.358
root.css, 7739, 13.99, 34.11, 21.544
nth.0.css, 3, 0.081, -2300.0, 0.245
font-awesome.min.css, 23739, 18.501, 39.11, 63.00899999999999
har.css, 11185, 19.221999999999998, 32.67, 33.349
value.dimension.0.css, 4, 0.06899999999999999, -1700.0, 0.281
admin.css, 2422, 11.294, 27.13, 7.9830000000000005
join.css, 6561, 13.841, 33.35, 20.727
animations.css, 319, 3.491, -11.6, 1.907
styles.css, 94, 1.803, -123.4, 0.959
block.s.1.css, 8, 0.092, -1225.0, 0.35
compress.css3.selectors.part2.test9.c.css, 107, 0.769, -81.31, 0.808
launcheula.css, 223, 5.208, -43.05, 1.691
elemhide.css, 3395755, 1302.237, 33.17, 9480.102
compile_on_mixin.css, 337, 1.965, -2.67, 1.869
main.css, 14660, 26.706, 33.59, 43.485
fr-launch-commons.css, 126747, 64.857, 36.43, 344.138
value.0.css, 2, 0.046, -3450.0, 0.255
simpleselector.4.css, 13, 0.186, -761.54, 0.414
downloads.css, 23354, 25.097, 34.1, 68.158
compress.css21.part4.3.6.test2.css, 22, 0.34900000000000003, -440.91, 0.46
keyframes.css, 768, 3.497, 19.92, 2.8080000000000003
compress.restructure.equal.selectors.test1.css, 18, 0.194, -527.78, 0.388
issue39.test23.css, 89, 0.6970000000000001, -79.78, 1.7309999999999999
compress.css3.selectors.part2.test17.c.css, 77, 0.525, -131.17, 0.629
shCoreEmacs.css, 7534, 8.678999999999998, 37.74, 21.44
compress.css3.selectors.part2.test22.css, 17, 0.28400000000000003, -576.47, 0.587
oojs-ui-mediawiki-icons-moderation.css, 11870, 12.486, 38.07, 33.895
braces.4.css, 3, 0.06999999999999999, -2300.0, 0.281
cavendish.css, 8669, 21.317, 32.03, 26.573
issue39.test10.css, 55, 0.664, -156.36, 0.628
compress.restructure.filter.test1.css, 197, 2.837, -45.18, 1.307
ajxp-mobile.css, 4570, 17.496000000000002, 31.33, 15.288
code-style.css, 1889, 7.218999999999999, 29.22, 6.709
quickbar.css, 45, 1.229, -220.0, 0.742
whatsnew.css, 1127, 7.632, 23.34, 4.495
content.css, 7947, 19.5, 35.81, 26.212
issue52.test2.css, 81, 0.92, -96.3, 0.92
lc.css, 68, 1.135, -130.88, 0.764
pseudoc.1.css, 11, 0.131, -881.82, 0.375
compress.css3.selectors.part2.test11.c.css, 92, 0.763, -105.43, 0.824
forms.css, 1939, 7.667, 29.45, 7.464
expected.css, 409, 2.782, 0.49, 2.062
uri.s.1.css, 25, 0.622, -400.0, 0.6040000000000001
oojs-ui-mediawiki-icons-editing-list.css, 2244, 10.063, 30.26, 8.19
attributes.css, 1120, 6.917000000000001, 25.45, 4.599
simpleselector.s.2.css, 8, 0.101, -1225.0, 0.43600000000000005
oojs-ui-mediawiki-icons-editing-core.css, 6943, 13.054, 37.02, 24.037
jquery.tipsy.css, 1559, 10.027, 22.45, 6.21
color.css, 376, 4.095, -5.85, 3.052
profile.css, 10046, 20.247, 32.86, 33.855999999999995
compress.css3.selectors.part2.test13.css, 29, 0.5760000000000001, -334.48, 0.583
Content_Area.css, 2191, 9.074, 26.7, 8.272
unary.0.css, 2, 0.038, -3450.0, 0.29100000000000004
grid.css, 1068, 7.575, 19.29, 4.407
styletimeline.css, 3523, 12.831, 30.94, 13.179
ruleset.4.css, 133, 2.958, -81.2, 1.403
msgbox.css, 6478, 18.306, 31.48, 23.73
misc.css, 1223, 6.930000000000001, 22.73, 5.4590000000000005
notifications.css, 7605, 17.563, 33.15, 26.25
jquery.tablesorter.css, 440, 4.339, -0.91, 2.26
chosen.css, 15697, 19.032, 35.16, 50.244
compress.shorthand.margin.test3.css, 96, 0.916, -107.29, 0.8450000000000001
vhash.0.css, 5, 0.091, -2000.0, 0.337
cached0152.css, 3592, 8.338, 32.82, 12.109
shCoreRDark.css, 7548, 9.036000000000001, 37.61, 23.075
compress.css21.part6.3.test6.css, 96, 1.176, -113.54, 0.87
music_control_transport.css, 15601, 22.101, 32.78, 46.815000000000005
attrib.s.1.css, 16, 0.158, -587.5, 0.438
browsebycategory.css, 11827, 18.946, 32.65, 36.703
xqcolors2.css, 1647, 12.359, 23.98, 6.411
combinator.1.css, 2, 0.038, -3450.0, 0.268
clazz.0.css, 5, 0.091, -2000.0, 0.332
compress.css21.part4.3.4.test7.css, 58, 1.957, -158.62, 0.731
mediawiki.content.json.css, 935, 7.654, 16.79, 3.8400000000000003
130709-fonts.css, 3049, 22.008, 27.35, 10.84
issue39.test25.css, 69, 0.5900000000000001, -110.14, 0.809
compress.css21.part4.3.4.test6.css, 50, 0.948, -190.0, 0.6970000000000001
systemmenu.css, 6352, 13.396, 32.13, 20.682
main_website.css, 253106, 109.826, 37.48, 673.373
bootstrap-theme.min.css, 19963, 17.576, 34.0, 56.69
welcome_nocontroller.css, 3541, 17.175, 30.44, 11.453
movie.css, 10414, 19.246, 31.76, 32.182
compress.css21.part6.3.test4.css, 42, 0.995, -235.71, 0.6589999999999999
styles_mobile.css, 608, 5.289000000000001, 7.57, 2.69
music_album.css, 7599, 17.147, 32.32, 24.965999999999998
value.vhash.3.css, 8, 0.164, -1250.0, 0.392
compress.css3.selectors.part2.test5.css, 29, 0.58, -334.48, 0.565
braces.c.7.css, 38, 0.25999999999999995, -223.68, 0.503
function.c.0.css, 15, 0.162, -640.0, 0.40299999999999997
space-mq.css, 305, 2.61, -11.48, 1.7080000000000002
e4_default.css, 1072, 8.363000000000001, 17.54, 4.437
javascript.fullPage.css, 4211, 12.992, 34.12, 14.987
issue90.test2.css, 155, 1.1509999999999998, -37.42, 1.194
function.c.1.css, 24, 0.19, -379.17, 0.438
number.1.css, 4, 0.07100000000000001, -1700.0, 0.313
index.css, 307, 2.269, -9.77, 1.593
function.s.1.css, 12, 0.164, -816.67, 0.399
function.c.5.css, 101, 0.527, -85.15, 0.787
css_injector_117.css, 250, 4.8580000000000005, -26.8, 1.61
coolmenu.css, 1336, 6.6049999999999995, 23.95, 5.7330000000000005
string.2.css, 9, 0.131, -1088.89, 0.592
360player-visualization.css, 4042, 10.998000000000001, 30.97, 14.131
mdn-min48de.css, 79652, 56.657, 32.49, 227.913
pseudoe.0.css, 7, 0.095, -1400.0, 0.33599999999999997
issue39.test13.css, 60, 0.719, -195.0, 0.821
braces.s.6.css, 8, 0.08600000000000001, -1225.0, 0.333
pseudoc.0.css, 6, 0.088, -1666.67, 0.5820000000000001
compress.css3.selectors.part2.test11.css, 27, 0.527, -362.96, 0.525
jquery.ui.autocomplete.css, 431, 5.904000000000001, -4.18, 2.878
mediawiki.action.history.diff.css, 1442, 7.114, 25.1, 5.087000000000001
intromovie.css, 1295, 6.267, 25.25, 4.798
compress.restructure.padding.test2.css, 114, 1.105, -82.46, 0.9179999999999999
app.css, 791, 3.62, 21.11, 3.231
music_library_setup.css, 2878, 13.378, 27.48, 10.647
issue76.test4.css, 197, 1.201, -29.44, 1.15
mediawiki.action.edit.styles.css, 466, 4.811, 0.0, 2.285
space-adj.css, 70, 0.521, -152.86, 0.6769999999999999
bootstrap.min.css, 117305, 62.010999999999996, 35.63, 320.81399999999996
colors.css, 1693, 4.666, 29.18, 5.314
music_control_overlay.css, 5013, 12.794, 30.76, 16.268
braces.c.5.css, 20, 0.186, -470.0, 0.40900000000000003
hi.css, 33, 0.666, -296.97, 0.571
guards.css, 413, 2.8649999999999998, 1.45, 1.9880000000000002
overview.css, 895, 6.947, 20.67, 3.4819999999999998
declaration.c.3.css, 39, 0.444, -230.77, 0.5479999999999999
block.3.css, 7, 0.134, -1428.57, 0.37
selector.0.css, 4, 0.073, -1700.0, 0.298
compress.restructure.equal.test2.css, 48, 1.181, -162.5, 0.53
content.externallinks.css, 3825, 13.690000000000001, 30.09, 13.5
aboutReader.css, 2084, 13.037, 27.21, 8.508999999999999
compress.css3.selectors.part2.test29.css, 20, 0.414, -490.0, 0.509
mediawiki.special.preferences.css, 485, 5.043, 1.44, 2.574
notification_center.css, 1571, 7.298, 28.84, 6.042
zero-percent.css, 80, 1.1540000000000001, -102.5, 0.892
value.dimension.1.css, 5, 0.10500000000000001, -2000.0, 0.389
ruleset.s.4.css, 145, 3.054, -72.41, 1.266
block.c.4.css, 46, 0.391, -180.43, 0.704
compress.attrib.string.test2.css, 25, 0.8630000000000001, -396.0, 0.589
compress.css3.selectors.part2.test18.c.css, 76, 0.593, -90.79, 0.731
simpleselector.s.1.css, 8, 0.104, -1225.0, 0.41800000000000004
shCoreEclipse.css, 7858, 9.835, 37.78, 26.092000000000002
simpleselector.7.css, 4, 0.082, -1700.0, 0.328
linenumbers-py.css, 49, 1.184, -197.96, 0.762
compress.mess.test1.css, 114, 0.616, -69.3, 0.8270000000000001
simpleselector.8.css, 4, 0.098, -1700.0, 0.35100000000000003
braces.0.css, 3, 0.066, -2300.0, 0.37
shThemeEclipse.css, 2566, 5.033, 32.77, 9.122
wikiprintable.css, 945, 7.856, 17.88, 4.0600000000000005
compress.shorthand.margin.unary.test6.css, 144, 1.356, -59.03, 1.377
jquery.ui.menu.css, 1264, 7.946, 24.6, 5.0169999999999995
equity-a.css, 415964, 185.15200000000002, 24.72, 1279.664
mainmenu.css, 29260, 29.416999999999998, 33.48, 83.378
number.0.css, 3, 0.056, -2300.0, 0.259
library.css, 112778, 60.900000000000006, 33.71, 321.832
issue81.test2.css, 90, 1.629, -130.0, 0.9779999999999999
compress.restructure.equal.test6.css, 51, 0.279, -150.98, 0.519
xqcolors-dark.css, 1091, 8.508, 19.62, 4.226
shThemeAppleScript.css, 1812, 5.994, 29.91, 5.645
colornames.css, 261, 2.2390000000000003, -22.61, 1.414
stylesheet.2.css, 7, 0.127, -1428.57, 0.372
ltr.css, 650, 6.764, 20.15, 2.542
ident.4.css, 5, 0.108, -2000.0, 0.33799999999999997
braces.5.css, 4, 0.083, -1700.0, 0.289
equity-b.css, 416418, 184.993, 24.72, 1272.4740000000002
compress.css3.selectors.part2.test9.css, 28, 0.621, -346.43, 0.503
pseudoe.1.css, 12, 0.147, -800.0, 0.35100000000000003
issue39.test19.css, 71, 0.71, -153.52, 0.646
compress.css3.selectors.part2.test16.c.css, 74, 0.57, -97.3, 0.626
number.6.css, 3, 0.05, -2300.0, 0.258
dxr.css, 13264, 19.88, 37.12, 36.963
ident.3.css, 8, 0.10900000000000001, -1237.5, 0.328
compress.css3.selectors.part2.test2.c.css, 63, 0.272, -161.9, 0.531
music_control.css, 6328, 15.633000000000001, 32.08, 20.334999999999997
text_input_fullscreen.css, 688, 7.6819999999999995, 8.28, 3.0669999999999997
font-weight.css, 159, 1.4929999999999999, -54.72, 1.047
scopes.css, 123, 1.2899999999999998, -73.98, 0.873
dashboards-min52a4.css, 3864, 9.15, 31.7, 13.179
video-zindex.css, 521, 3.346, 7.87, 2.508
caltos.css, 604, 3.4459999999999997, 16.89, 2.999
function.s.2.css, 17, 0.217, -564.71, 0.422
braces.c.0.css, 11, 0.21000000000000002, -900.0, 0.38699999999999996
tree-selector.css, 3328, 10.756, 32.54, 10.929
compress.css3.selectors.part2.test38.css, 21, 0.38, -461.9, 0.49299999999999994
strings.css, 813, 8.826, 13.16, 3.875
issue111.test1.css, 18, 0.46, -561.11, 0.5339999999999999
compress.shorthand.margin.unary.test2.css, 77, 0.749, -98.7, 0.758
compress.shorthand.margin.unary.test4.css, 518, 1.675, 17.18, 2.269
simpleselector.2.css, 6, 0.10500000000000001, -1666.67, 0.363
csscolors.css, 529, 4.861, 9.07, 2.511
css_462c6817d65958e4e8ae8ae7eb8f4cbc.css, 175938, 86.19300000000001, 36.32, 492.47400000000005
simpleselector.c.0.css, 11, 0.177, -900.0, 0.382
instructables_002.css, 171153, 80.843, 36.1, 470.242
compress.shorthand.margin.test4.css, 497, 1.504, 15.9, 1.9189999999999998
loginstyles.css, 3771, 10.027, 30.79, 11.859
comments_feed.css, 2400, 6.856, 32.25, 7.4910000000000005
compress.css3.selectors.part2.test10.css, 17, 0.256, -570.59, 0.441
compress.css3.selectors.part2.test19.css, 23, 0.495, -434.78, 0.515
value.vhash.0.css, 8, 0.073, -812.5, 0.27999999999999997
compress.css3.selectors.part2.test31.css, 20, 0.325, -485.0, 0.46299999999999997
controllerbindings_d0g.css, 49110, 35.865, 32.6, 143.003
string.0.css, 7, 0.095, -1400.0, 0.318
ssa_bigpicture.css, 1759, 13.297, 22.23, 6.84
phpcolors.css, 2325, 14.200000000000001, 28.77, 8.586
design.css, 4037, 12.345, 28.96, 13.562
value.vhash.1.css, 5, 0.08399999999999999, -2000.0, 0.33799999999999997
docs.css, 2170, 8.11, 30.14, 7.429
full.css, 21312, 23.182000000000002, 35.59, 62.288999999999994
value.dimension.2.css, 11, 0.097, -872.73, 0.33599999999999997
compress.css3.selectors.part2.test12.c.css, 97, 0.79, -98.97, 0.887
compress.shorthand.padding.test6.css, 144, 1.286, -59.72, 0.9650000000000001
compress.initial.background.test1.css, 133, 0.9970000000000001, -65.41, 0.884
compress.css21.part4.3.2.test2.css, 19, 0.383, -526.32, 0.467
interface.css, 1429, 9.360999999999999, 23.3, 5.233
ajxp_datagrid.css, 540, 3.9240000000000004, 7.78, 2.4589999999999996
selector-common.css, 2737, 6.602, 33.14, 8.975
block.4.css, 14, 0.194, -700.0, 0.422
issue76.test3.css, 77, 0.9779999999999999, -103.9, 0.912
dimension.1.css, 6, 0.114, -1666.67, 0.37
compress.css3.selectors.part2.test6.css, 29, 1.014, -334.48, 0.575
block.c.0.css, 11, 0.163, -900.0, 0.388
issue39.test12.css, 54, 0.628, -157.41, 0.63
braces.3.css, 6, 0.112, -1666.67, 0.356
friends.css, 40353, 34.859, 34.19, 121.48200000000001
compress.css3.selectors.part2.test17.css, 26, 0.496, -376.92, 0.533
uri.s.0.css, 27, 0.603, -370.37, 0.554
oojs-ui-mediawiki-icons-alerts.css, 4711, 9.687, 34.94, 14.847000000000001
ometacolors.css, 642, 4.6579999999999995, 11.99, 2.928
compress.css3.selectors.part2.test18.css, 25, 0.51, -396.0, 0.5289999999999999
shThemeEmacs.css, 2242, 4.51, 32.02, 8.248999999999999
icons.css, 5661, 10.998000000000001, 34.85, 17.71
grid_12-825-55-15.css, 4597, 9.286000000000001, 31.56, 16.320999999999998
delim.css, 103, 1.418, -104.85, 1.003
value.rgb.0.css, 16, 0.24600000000000002, -606.25, 0.444
compress.dont.background.test1.css, 73, 0.8099999999999999, -152.05, 0.771
compress.css3.selectors.part2.test38.c.css, 86, 0.628, -106.98, 0.671
compress.css3.selectors.part2.test39.c.css, 73, 0.39399999999999996, -132.88, 0.618
jquery.ui.tooltip.css, 503, 7.195, 0.0, 2.544
compress.css3.selectors.part2.test30.c.css, 72, 0.708, -97.22, 0.639
compress.css21.part4.3.2.test8.css, 22, 0.621, -463.64, 0.607
etiquettes.css, 578, 3.182, 11.59, 3.173
issue39.test5.css, 60, 0.5599999999999999, -131.67, 0.648
sm_preview_player.css, 1673, 13.343, 23.37, 7.247
compress.shorthand.margin.test2.css, 74, 0.761, -148.65, 0.896
backgroundimagetest.css, 2379, 11.696, 26.65, 9.37
filterselector.css, 4674, 15.976, 31.58, 17.427000000000003
functionExpression.2.css, 25, 0.283, -372.0, 0.507
issue54.test1.css, 232, 1.1340000000000001, -3.88, 1.353
compress.css3.selectors.part2.test37.c.css, 68, 0.719, -107.35, 0.6980000000000001
compress.css3.selectors.part2.test36.css, 20, 0.437, -500.0, 0.565
compress.shorthand.padding.test5.css, 129, 1.711, -74.42, 1.406
e4_default_win7.css, 1225, 12.799, 17.22, 5.590999999999999
issue39.test24.css, 74, 0.833, -150.0, 0.8490000000000001
media.css, 929, 4.567, 24.33, 4.653
compress.restructure.padding.test1.css, 57, 0.847, -150.88, 0.762
value.3.css, 14, 0.35300000000000004, -721.43, 0.518
KHTMLFixes.css, 108, 2.983, -110.19, 1.4120000000000001
compress.css3.selectors.part2.test34.c.css, 71, 0.513, -98.59, 0.703
compress.restructure.equal.selectors.test2.css, 38, 0.28400000000000003, -223.68, 0.55
dynamic_mopics.css, 1349, 17.186, 19.57, 6.164000000000001
swipebox.css, 4612, 12.815, 33.78, 16.771
webkit.keyfraymes.0.css, 80, 1.943, -150.0, 0.966
braces.s.7.css, 14, 0.159, -678.57, 0.429
not-json.css, 745, 7.471, 15.03, 3.4819999999999998
compress.mess.test2.css, 177, 1.578, -37.85, 1.231
minisite.css, 13614, 20.256, 35.4, 44.086
emlViewer.css, 2078, 15.389, 24.93, 8.533000000000001
issue39.test11.css, 53, 0.83, -220.75, 0.691
qunit.css, 4991, 16.817999999999998, 32.22, 17.64
mediawiki.special.css, 2253, 9.043000000000001, 28.72, 8.245000000000001
ext.cite.css, 1002, 9.2, 16.57, 4.165
issue39.test28.css, 75, 0.383, -89.33, 0.728
compress.css3.selectors.part2.test42.c.css, 81, 0.404, -114.81, 0.7200000000000001
stylesheet-new.css, 518, 6.058, 3.67, 2.609
nthselector.1.css, 23, 0.518, -434.78, 0.579
empty-media.css, 82, 1.442, -142.68, 0.9129999999999999
viewer-pydio.css, 428, 4.969, 0.47, 2.2390000000000003
mediawiki.apihelp.css, 1192, 4.6290000000000004, 25.25, 4.52
mixins-named-args.css, 356, 2.939, -4.78, 2.177
compress.css21.part4.3.7.test3.css, 31, 0.484, -306.45, 0.632
compress.restructure.margin.test3.css, 236, 1.9189999999999998, -18.22, 1.381
block.s.4.css, 22, 0.242, -427.27, 0.507
dashboard.css, 6029, 18.454, 34.48, 20.51
gtk.css, 4492, 12.068999999999999, 32.28, 17.076999999999998
linenumbers.css, 294, 4.004, -18.03, 2.057
css.css, 1372, 17.514, 19.39, 6.558
changeemail.css, 1290, 12.621, 19.77, 5.978
compress.css3.selectors.part2.test20.c.css, 76, 0.6880000000000001, -92.11, 0.8099999999999999
tenfootcontroller_pairing.css, 1243, 8.737, 22.45, 5.4590000000000005
atruler.s.2.css, 56, 1.031, -148.21, 0.795
instructabot.css, 74045, 46.925000000000004, 35.74, 208.428
graphsViewer.css, 1629, 8.415000000000001, 24.8, 5.714
atruler.s.0.css, 31, 0.32899999999999996, -290.32, 0.465
jquery_002.css, 3682, 11.417, 30.01, 11.969999999999999
simpleselector.5.css, 4, 0.07100000000000001, -1700.0, 0.283
manual.css, 366, 3.507, -4.64, 1.832
uri.c.0.css, 39, 0.5910000000000001, -238.46, 0.578
attrselector.0.css, 2, 0.033, -3450.0, 0.256
property.1.css, 10, 0.318, -990.0, 0.382
compress.css3.selectors.part2.test25.c.css, 69, 0.404, -101.45, 0.596
compress.css21.part4.3.7.test2.css, 33, 0.434, -281.82, 0.546
browserdefaults_compact.css, 5040, 13.396999999999998, 33.25, 16.669
braces.8.css, 9, 0.204, -1111.11, 0.41
space-fn.css, 362, 2.9050000000000002, -5.8, 1.86
ruleset.s.5.css, 243, 2.8600000000000003, -27.57, 1.6440000000000001
mixin_functions.css, 107, 1.4649999999999999, -99.07, 0.944
ruleset.s.1.css, 33, 0.277, -260.61, 0.484
simpleselector.9.css, 18, 0.429, -555.56, 0.503
specimen_stylesheet.css, 7310, 26.354, 28.6, 25.345
wikistandard.css, 1654, 7.8709999999999996, 25.94, 6.004
issue39.test29.css, 86, 0.583, -112.79, 0.7060000000000001
pygments.css, 3932, 11.860000000000001, 32.91, 13.329
mainmenu_librarybackground.css, 9618, 19.906, 32.05, 32.127
ie5mac.css, 149, 1.885, -61.07, 1.1520000000000001
webbrowser.css, 13504, 22.997, 32.06, 44.089000000000006
ruleset.c.2.css, 67, 0.398, -152.24, 0.627
value.color.ident.1.css, 17, 0.23299999999999998, -564.71, 0.431
function.3.css, 10, 0.19699999999999998, -1000.0, 0.42000000000000004
functionExpression.4.css, 16, 0.29100000000000004, -612.5, 0.5429999999999999
load.css, 85328, 60.384, 29.26, 247.713
shCoreDefault.css, 7569, 8.063, 38.01, 20.815
issue39.test14.css, 58, 1.0150000000000001, -148.28, 0.804
babel.css, 2115, 8.806, 26.71, 7.164000000000001
compress.shorthand.margin.unary.test1.css, 118, 1.35, -83.05, 1.062
stylesheet_002.css, 60774, 43.574, 24.36, 193.25400000000002
quickbar-right.css, 66, 1.246, -137.88, 0.733
function.c.2.css, 29, 0.213, -303.45, 0.447
broadcast.css, 3140, 10.82, 28.63, 10.244
tutorials.css, 901, 6.948, 21.09, 4.002999999999999
font-family.css, 782, 6.409, 15.09, 3.2030000000000003
shThemeMDUltra.css, 2239, 4.843, 32.07, 7.476
pydio-mui.css, 113182, 64.21499999999999, 37.55, 303.751
oojs-ui-mediawiki.css, 129254, 63.932, 37.21, 355.005
shCoreDjango.css, 7664, 8.120000000000001, 37.68, 22.069
firefox.css, 62, 0.941, -195.16, 0.757
angle.css, 569, 3.2560000000000002, 11.07, 2.282
webresources.css, 909, 6.539, 21.01, 3.9589999999999996
atruler.c.2.css, 152, 1.046, -41.45, 0.9600000000000001
issue39.test18.css, 59, 0.539, -194.92, 0.642
text_input_dualtouch.css, 5131, 16.343, 29.04, 17.475
inbox_style.css, 1675, 7.587, 26.75, 5.712
jquery.ui.datepicker.css, 4136, 11.877, 34.04, 14.02
doxygen.css, 10556, 18.738999999999997, 33.35, 32.592000000000006
atrules.1.css, 11, 0.186, -909.09, 0.39599999999999996
oobe.css, 2245, 13.873, 24.54, 8.097
tabs.css, 1095, 5.122, 23.65, 4.273
unary.1.css, 2, 0.034, -3450.0, 0.281
atruleb.c.1.css, 69, 0.376, -144.93, 0.64
