teteM.jpg, 101879, 435.653, 3.77, 340.915
tete.jpg, 136378, 448.837, 2.8, 453.481
et ca se dit bde 11.pub, 221696, 491.951, 17.05, 644.962
depositphotos_2236074-Addict.jpg, 116697, 439.897, 7.17, 373.27500000000003
et ca se dit bde vierge.png, 54052, 409.42699999999996, 2.06, 180.909
et ca se dit bde 10.jpg, 116152, 435.58000000000004, 4.22, 381.78499999999997
27848413-croquis-du-p-nis-de-l-homme-sur-fond-blanc-Banque-d'images.jpg, 101042, 437.632, 4.22, 332.911
et ca se dit bde 11.jpg, 97455, 432.47, 5.74, 316.527
Sans titre.png, 500064, 637.599, -0.07, 1718.752
logo4.pub, 621056, 690.437, 6.87, 1982.66
logo7.jpg, 496152, 621.688, 4.13, 1622.293
et ca se dit bde 8.jpg, 121388, 438.30400000000003, 3.89, 397.894
fond autre liste.pub, 117248, 411.339, 46.75, 262.758
Electronic Loisirs _ JEU DE LUMIERE 4 LYRES 10W HYDRABEAM 400 RGBW CAMEO [CLHB400RGBW] - 599.00€.html, 66647, 59.884, 29.44, 174.69899999999998
logo6.pub, 455680, 580.284, 10.99, 1424.825
et ca se dit bde 2.jpg, 107079, 445.102, 5.51, 350.763
logo.pub, 321536, 518.87, 13.85, 964.1370000000001
Image1.png, 8993, 47.311, 39.09, 22.213
et ca se dit bde 12.pub, 222208, 481.534, 17.05, 655.79
et ca se dit bde 1.jpg, 144667, 450.58, 2.52, 478.709
Electronic Loisirs _ BARRE 4 PROJECTEURS LED 10W BLANCHES MOUVEMENTS PAN ET TILT CONTEST [FIRESTORM-4X10WH] - 719.00€.html, 68603, 60.044, 29.05, 181.144
tutoriel-photoshop-texture-flamme-03.jpg, 25798, 395.21099999999996, 9.67, 81.134
et ca se dit bde 10.pub, 222208, 477.755, 17.06, 650.2130000000001
et ca se dit bde 4.jpg, 98734, 429.50300000000004, 6.12, 317.631
Appli_Mobile.png, 503510, 625.3870000000001, -0.08, 1840.808
et ca se dit bde 14.jpg, 118182, 491.01099999999997, 4.07, 424.373
et ca se dit bde 3.pub, 222208, 532.211, 17.02, 734.271
logo(.jpg, 491416, 681.468, 4.23, 1791.6319999999998
et ca se dit bde 9.jpg, 105085, 489.476, 4.52, 379.042
et ca se dit bde 1.pub, 859648, 884.5269999999999, 1.71, 3183.92
130720133547-aile-dessin.jpg, 91542, 482.268, 1.6, 341.765
et ca se dit bde 5.jpg, 110097, 499.684, 4.8, 396.617
logo6.jpg, 499321, 692.8720000000001, 4.15, 1837.325
caducee-hermes-wikimedia.JPG, 15820, 450.40599999999995, -1.15, 62.281000000000006
logo11.pub, 473088, 655.396, 11.39, 1596.963
autocollant-mural-dessin-tete-de-mort-210.png, 123824, 496.27, -0.31, 463.83000000000004
et ca se dit bde 13.jpg, 113827, 491.017, 4.26, 419.85299999999995
fond autre liste.jpg, 63710, 478.087, 13.79, 210.756
PREMIER IDEE.jpg, 445215, 661.59, 5.37, 1554.798
logo2.jpg, 449117, 658.394, 4.91, 1619.241
logo10.jpg, 1078030, 996.3779999999999, 1.81, 3971.8309999999997
ailes-brûlantes-26181576.jpg, 110264, 495.88, 3.77, 396.275
et ca se dit bde vierge.jpg, 79701, 469.711, 10.09, 276.028
et ca se dit bde 5.pub, 222208, 527.162, 17.09, 706.2819999999999
logo3.pub, 356352, 601.881, 15.29, 1161.0
logo4.jpg, 476187, 671.566, 4.39, 1709.6180000000002
logo3.jpg, 494324, 683.403, 4.31, 1762.964
et ca se dit bde 13.pub, 222208, 528.6769999999999, 17.07, 709.9290000000001
flamme-jaune-d-isolement-sur-le-fond-blanc-30079360.jpg, 169984, 539.4449999999999, 0.69, 627.615
et ca se dit bde vierge.pub, 117248, 467.389, 46.49, 281.9
et ca se dit bde test.jpg, 106671, 488.323, 4.96, 384.166
et ca se dit bde 6.jpg, 105316, 479.302, 4.92, 377.99100000000004
8643816-Dessin-de-seringue-1-Banque-d'images.jpg, 143469, 501.803, 1.81, 529.252
et ca se dit bde test troll.jpg, 124036, 499.03700000000003, 3.43, 449.928
fond penisiliste.pub, 115712, 451.474, 54.53, 253.718
fichier Et ça se dit - vierge.pub, 175104, 499.532, 26.66, 520.766
logo7.pub, 468480, 652.792, 11.24, 1618.834
et ca se dit bde 8.pub, 222208, 531.8230000000001, 17.03, 719.7139999999999
canstock5818884.jpg, 15295, 445.207, -1.68, 59.66
et ca se dit bde 7.jpg, 117126, 492.93, 4.17, 428.88100000000003
et ca se dit bde 12.jpg, 118186, 471.844, 4.25, 399.512
logo liste.png, 808409, 861.463, -0.0, 3010.566
et ca se dit bde 7.pub, 222208, 527.588, 17.06, 716.765
et ca se dit bde 3.jpg, 123549, 535.925, 4.12, 449.683
depositphotos_5289482-Medical-symbol-caduceus-stencil.jpg, 264009, 570.5160000000001, 2.46, 2873.529
