appbar.tv.syfy.png, 1002, 370.262, -34.43, 8.639000000000001
appbar.language.python.text.png, 967, 367.16700000000003, -35.88, 7.181
appbar.moon.waning.gibbous.png, 642, 279.655, -49.69, 5.677
appbar.lavalamp.png, 804, 312.244, -41.17, 6.2589999999999995
appbar.user.png, 558, 245.572, -54.84, 4.883
appbar.home.variant.leave.png, 707, 317.61, -46.82, 5.712
appbar.sidebar.left.expand.png, 632, 267.988, -49.53, 6.902
appbar.book.perspective.help.png, 990, 358.95, -34.55, 7.734
appbar.transform.flip.vertical.png, 741, 291.74899999999997, -43.72, 5.915
appbar.os.chromium.png, 1281, 414.13100000000003, -28.57, 9.068
appbar.youtube.play.png, 610, 237.936, -49.51, 6.621
appbar.sound.stereo.png, 1026, 385.444, -34.8, 7.377
appbar.drinks.beer.png, 804, 343.66200000000003, -42.66, 6.744
appbar.3d.x.png, 281, 61.595, -70.82, 2.7560000000000002
appbar.chromakey.png, 975, 363.555, -35.59, 8.484
appbar.social.apple.appstore.png, 914, 377.29400000000004, -36.65, 7.055
appbar.redo.png, 715, 296.157, -46.99, 5.018
appbar.vector.line.curve.png, 745, 291.208, -46.44, 5.3020000000000005
appbar.cloud.delete.png, 684, 284.173, -48.98, 4.987
appbar.elevator.up.png, 1121, 342.023, -31.94, 6.893
appbar.water.droplet.reflection.png, 688, 259.493, -47.38, 4.930000000000001
appbar.lamp.desk.png, 418, 145.27499999999998, -64.83, 4.074000000000001
appbar.image.export.png, 603, 237.13799999999998, -52.07, 4.558000000000001
appbar.home.empty.png, 600, 240.048, -50.67, 4.623
appbar.social.twitter.png, 804, 299.783, -43.03, 5.494
appbar.social.indiegogo.png, 1320, 367.905, -27.5, 9.020999999999999
appbar.cloud.png, 796, 301.906, -42.09, 5.649
appbar.book.png, 267, 34.817, -61.42, 2.32
appbar.text.size.minus.png, 755, 276.04, -44.5, 5.221
appbar.door.lock.open.png, 727, 258.776, -44.98, 6.531000000000001
appbar.layer.png, 462, 133.802, -55.63, 3.677
appbar.list.create.png, 463, 173.676, -61.56, 3.87
appbar.layer.add.png, 672, 235.21800000000002, -46.73, 4.906
appbar.adobe.prelude.png, 617, 229.436, -50.57, 4.644
appbar.information.png, 408, 138.64499999999998, -64.95, 3.506
appbar.layer.arrange.solid.sendtoback.png, 305, 71.16699999999999, -71.48, 2.7039999999999997
appbar.timer.pause.png, 1132, 331.808, -30.57, 7.034000000000001
appbar.webcam.png, 1197, 357.528, -29.91, 7.162
appbar.cusor.pointer.png, 654, 250.42399999999998, -48.32, 8.607
appbar.reply.email.png, 937, 331.451, -37.67, 6.141
appbar.tree.leaf.three.png, 924, 298.76399999999995, -36.47, 6.011
appbar.google.png, 925, 317.866, -37.95, 6.069
appbar.minus.png, 179, 18.581, -83.24, 1.609
appbar.microphone.png, 750, 291.253, -46.0, 5.37
appbar.table.add.png, 282, 65.131, -75.18, 2.6359999999999997
appbar.measure.kilometer.png, 788, 269.657, -41.88, 5.438
appbar.card.1.png, 453, 149.386, -59.6, 3.6740000000000004
appbar.social.microsoft.png, 241, 27.581000000000003, -64.32, 2.005
appbar.film.select.png, 1150, 355.456, -30.96, 7.119999999999999
appbar.laptop.png, 801, 289.351, -42.07, 5.4910000000000005
appbar.page.1.png, 654, 261.228, -50.61, 5.006
appbar.transit.hazard.png, 835, 309.44300000000004, -41.08, 5.915
appbar.graph.histogram.description.png, 287, 55.883, -70.38, 2.506
appbar.ribbon.wave.png, 668, 280.519, -48.5, 4.961
appbar.social.etsy.png, 927, 332.801, -37.97, 6.329000000000001
appbar.add.png, 250, 29.303, -62.4, 3.4810000000000003
appbar.office.visio.png, 708, 268.75300000000004, -46.19, 5.6979999999999995
appbar.page.arrow.png, 579, 221.912, -53.02, 4.414000000000001
appbar.closedcaption.off.png, 977, 347.708, -36.34, 6.577999999999999
appbar.social.evernote.png, 895, 336.406, -37.77, 6.494
appbar.layer.arrange.solid.bringforward.png, 275, 42.631, -61.82, 2.641
appbar.folder.lock.png, 399, 173.708, -68.42, 3.9960000000000004
appbar.transform.rotate.right.png, 532, 202.773, -53.95, 4.557
appbar.inbox.png, 745, 310.328, -45.37, 8.113999999999999
appbar.social.apple.png, 679, 365.36400000000003, -47.72, 5.599
appbar.dimension.line.width.png, 327, 90.973, -68.81, 3.1380000000000003
appbar.page.png, 345, 102.017, -69.28, 3.354
appbar.image.multiple.png, 688, 312.96299999999997, -48.11, 5.5009999999999994
appbar.interface.list.png, 711, 273.72, -45.15, 5.4510000000000005
appbar.star.add.png, 755, 316.66499999999996, -45.3, 5.991
appbar.speakerphone.png, 979, 374.20799999999997, -35.85, 6.98
appbar.skydrive.png, 1053, 374.136, -33.62, 8.827
appbar.page.png.png, 873, 346.56399999999996, -39.63, 6.774
appbar.folder.ellipsis.png, 317, 85.947, -70.35, 3.229
appbar.email.gmail.png, 795, 314.986, -41.76, 6.235
appbar.star.minus.png, 709, 327.304, -47.95, 7.498
appbar.border.all.png, 266, 46.601, -67.29, 2.544
appbar.starwars.rebel.png, 1066, 387.682, -33.49, 7.346
appbar.adobe.fireworks.png, 891, 332.92199999999997, -38.27, 6.615
appbar.page.file.pdf.png, 524, 236.55599999999998, -53.63, 8.648
appbar.adobe.photoshop.png, 865, 536.427, -39.31, 13.243
appbar.checkmark.thick.unchecked.png, 233, 42.607, -68.67, 2.456
appbar.draw.pen.reflection.png, 1175, 412.724, -30.47, 7.8180000000000005
appbar.arrow.left.right.png, 316, 91.567, -71.2, 3.284
appbar.cursor.default.outline.png, 796, 304.03400000000005, -40.7, 8.028
appbar.refresh.clockwise.down.png, 870, 366.32300000000004, -39.66, 6.386
appbar.text.italic.png, 536, 213.395, -53.92, 4.924
appbar.code.xml.png, 594, 240.458, -51.01, 5.432
appbar.devcenter.png, 755, 320.858, -44.64, 7.413
appbar.align.right.png, 244, 43.85, -75.82, 2.73
appbar.tardis.png, 967, 382.367, -35.88, 6.745
appbar.people.magnify.png, 1028, 371.247, -33.95, 7.161
appbar.location.minus.png, 431, 179.453, -65.2, 5.694
appbar.arrow.corner.up.right.png, 356, 119.061, -67.7, 3.8930000000000002
appbar.adobe.lightroom.png, 482, 180.30599999999998, -56.43, 4.253
appbar.ribbon.png, 324, 69.482, -62.04, 3.0820000000000003
appbar.cell.up.png, 438, 181.739, -61.64, 4.051
appbar.reply.people.png, 1218, 386.072, -28.41, 10.0
appbar.type.bit.png, 886, 364.391, -38.71, 6.851999999999999
appbar.clipboard.paper.png, 496, 192.53300000000002, -56.25, 4.529
appbar.social.delicious.png, 258, 29.843999999999998, -56.98, 4.069
appbar.ruler.png, 500, 208.165, -58.2, 4.525
appbar.video.highdefinition.png, 715, 284.048, -44.2, 5.596
appbar.layer.arrange.sendtoback.png, 824, 337.82099999999997, -42.11, 6.222
appbar.clock.png, 1137, 398.00600000000003, -31.49, 7.5
appbar.tournament.bracket.right.png, 406, 144.958, -65.02, 3.862
appbar.map.gps.png, 1037, 451.772, -34.14, 7.487
appbar.page.onenote.png, 719, 267.881, -44.23, 5.890000000000001
appbar.vector.star.png, 935, 348.846, -36.58, 6.726
appbar.social.skype.png, 1101, 372.56, -31.61, 8.857999999999999
appbar.app.plus.png, 264, 46.278, -70.08, 2.5509999999999997
appbar.people.checkbox.png, 925, 342.391, -35.78, 6.589
appbar.noentry.png, 596, 304.21999999999997, -55.2, 5.572
appbar.interface.dropdown.png, 560, 219.64000000000001, -51.96, 6.2
appbar.printer.png, 293, 60.174, -66.89, 2.7439999999999998
appbar.marvel.shield.png, 1220, 390.245, -28.93, 7.908999999999999
appbar.battery.charging.png, 338, 113.954, -71.6, 3.535
appbar.page.copy.png, 427, 156.581, -62.06, 3.9909999999999997
appbar.axis.x.letter.png, 798, 344.71200000000005, -41.73, 6.826
appbar.book.open.information.png, 603, 299.765, -49.75, 5.545999999999999
appbar.server.png, 270, 73.297, -77.78, 2.9160000000000004
appbar.connection.nfc.png, 962, 339.582, -34.72, 6.704
appbar.control.fastforward.png, 607, 276.944, -51.73, 6.813
appbar.card.4.png, 597, 278.42499999999995, -54.1, 5.162
appbar.list.one.png, 228, 26.945, -69.3, 2.322
appbar.dimension.line.height.short.png, 331, 105.49, -72.21, 3.337
appbar.people.png, 906, 365.88, -39.07, 6.646
appbar.clothes.shirt.png, 528, 211.36599999999999, -53.22, 4.875
appbar.simcard.png, 571, 248.568, -53.06, 4.894
appbar.image.beach.png, 836, 347.161, -41.75, 6.393000000000001
appbar.window.minimize.png, 448, 178.425, -61.83, 4.224
appbar.smiley.kiki.png, 1038, 368.88599999999997, -33.43, 11.558
appbar.question.png, 690, 292.911, -47.25, 5.542
appbar.map.treasure.png, 1050, 358.39500000000004, -32.86, 7.164000000000001
appbar.text.bold.png, 728, 297.745, -44.92, 5.688000000000001
appbar.stamp.at.png, 1164, 409.655, -30.58, 7.67
appbar.book.side.png, 632, 247.18, -48.42, 5.233
appbar.draw.pencil.png, 589, 259.761, -53.14, 5.159000000000001
appbar.smiley.grumpy.png, 772, 312.096, -43.52, 7.382
appbar.window.casement.png, 495, 187.857, -56.97, 4.386
appbar.office.365.png, 617, 292.33500000000004, -53.16, 5.3340000000000005
appbar.social.soundcloud.png, 535, 232.472, -55.33, 4.75
appbar.vector.line.spline.png, 1091, 380.472, -32.45, 8.745
appbar.page.corner.bookmark.png, 624, 268.858, -50.48, 5.168
appbar.acorn.png, 880, 374.71999999999997, -40.68, 6.843
appbar.message.png, 358, 101.701, -65.64, 3.419
appbar.page.file.gif.png, 514, 200.506, -55.45, 6.085
appbar.cloudirc.png, 770, 325.912, -44.29, 5.963
appbar.bike.png, 803, 323.701, -42.47, 6.1209999999999996
appbar.vector.group.removed.png, 373, 119.299, -66.76, 3.584
appbar.page.solid.move.png, 420, 144.324, -61.67, 5.372
appbar.tux.png, 1159, 384.65500000000003, -30.2, 8.005
appbar.3d.3ds.png, 445, 166.63400000000001, -60.9, 4.138
appbar.clipboard.paste.png, 569, 226.0, -51.14, 5.074999999999999
appbar.stream.png, 1062, 387.70500000000004, -33.52, 8.846
appbar.graph.histogram.png, 265, 38.445, -64.53, 2.46
appbar.page.corner.break.png, 422, 152.826, -61.37, 3.9459999999999997
appbar.book.contact.png, 618, 261.181, -50.0, 5.256
appbar.snowman.png, 839, 350.746, -41.72, 6.329000000000001
appbar.location.circle.png, 1034, 433.15999999999997, -34.33, 8.527
appbar.notification.above.multiple.png, 389, 132.614, -61.44, 3.8019999999999996
appbar.timer.3.png, 1300, 406.757, -27.46, 8.206
appbar.monitor.add.png, 342, 139.33499999999998, -76.32, 3.599
appbar.social.artcom.png, 1273, 386.346, -27.49, 8.526
appbar.page.search.png, 753, 335.494, -46.35, 5.96
appbar.food.apple.png, 757, 325.239, -44.91, 6.196
appbar.list.star.png, 680, 300.303, -48.09, 7.6499999999999995
appbar.gas.png, 990, 375.142, -35.35, 7.516
appbar.arrow.right.left.png, 319, 109.004, -76.49, 3.372
appbar.page.xml.png, 697, 308.423, -47.35, 5.582
appbar.adobe.encore.png, 609, 277.514, -52.05, 7.647
appbar.connection.quality.extremelylow.png, 268, 42.85, -64.93, 2.5829999999999997
appbar.currency.euro.png, 745, 336.079, -46.58, 6.093999999999999
appbar.language.java.text.png, 1036, 371.68, -34.07, 7.184
appbar.align.center.png, 252, 55.981, -78.57, 2.5820000000000003
appbar.layout.png, 280, 57.11, -68.57, 4.726
appbar.page.select.png, 434, 166.19400000000002, -61.75, 4.2490000000000006
appbar.redo.curve.png, 787, 316.577, -41.93, 7.047999999999999
appbar.interface.textbox.png, 753, 304.261, -43.82, 5.983
appbar.sound.1.png, 522, 232.321, -56.7, 4.606
appbar.people.sensor.variant.png, 1028, 374.187, -33.27, 7.074999999999999
appbar.palmtree.png, 1068, 399.3, -33.52, 7.582
appbar.clear.inverse.reflect.horizontal.png, 470, 216.797, -60.64, 4.518999999999999
appbar.social.grooveshark.png, 908, 357.72700000000003, -38.44, 8.491999999999999
appbar.network.png, 362, 104.482, -64.92, 3.507
appbar.battery.3.png, 346, 128.09699999999998, -72.83, 3.535
appbar.page.question.png, 684, 289.71000000000004, -47.95, 5.598
appbar.customerservice.png, 908, 357.788, -38.55, 8.172
appbar.cabinet.in.png, 662, 261.692, -47.28, 5.35
appbar.magnify.minus.png, 699, 269.54499999999996, -45.49, 5.592
appbar.opacity.png, 1082, 346.80699999999996, -31.24, 7.099
appbar.axis.x.png, 570, 247.316, -54.21, 6.272
appbar.cup.paper.png, 699, 288.448, -46.64, 5.814
appbar.nyan.png, 1418, 413.482, -25.53, 8.616
appbar.page.hidden.png, 406, 125.33500000000001, -60.84, 3.712
appbar.logic.and.add.png, 1161, 390.675, -30.58, 9.136999999999999
appbar.sign.interstate.95.png, 1164, 417.95700000000005, -31.1, 7.6930000000000005
appbar.dropper.png, 668, 344.644, -50.45, 9.943999999999999
appbar.adobe.aftereffects.png, 1026, 405.647, -33.92, 7.1659999999999995
appbar.weather.symbol.png, 1815, 406.27299999999997, -19.89, 10.139000000000001
appbar.network.home.png, 554, 205.22899999999998, -51.62, 4.679
appbar.tag.png, 485, 196.68099999999998, -57.73, 4.388999999999999
appbar.checkmark.uncrossed.png, 236, 26.846999999999998, -63.56, 2.132
appbar.draw.brush.reflection.png, 1270, 375.516, -27.4, 7.972999999999999
appbar.marketplace.png, 780, 322.142, -43.97, 6.037
appbar.sort.numeric.descending.png, 666, 272.051, -48.05, 5.417
appbar.sign.parking.png, 571, 236.83599999999998, -52.89, 4.951
appbar.cone.png, 705, 342.50199999999995, -46.81, 6.195
appbar.pin.remove.png, 791, 313.05899999999997, -41.72, 6.031
appbar.border.vertical.png, 274, 44.685, -64.6, 2.532
appbar.column.one.png, 229, 25.325, -68.56, 2.156
appbar.notification.above.png, 284, 58.925, -70.07, 2.784
appbar.grade.b.minus.png, 738, 326.481, -45.93, 7.436
appbar.folder.puzzle.png, 319, 97.116, -72.1, 3.336
appbar.outlet.png, 638, 282.703, -50.31, 5.308
appbar.layout.expand.right.variant.png, 474, 192.793, -59.28, 4.3420000000000005
appbar.symbol.braces.png, 608, 259.49899999999997, -51.48, 6.675999999999999
appbar.table.png, 262, 36.202, -64.89, 2.4160000000000004
appbar.microphone.google.png, 669, 262.651, -46.79, 5.51
appbar.lifesaver.png, 983, 373.678, -35.91, 7.047000000000001
appbar.ie.png, 1170, 399.017, -30.43, 9.061
appbar.layout.sidebar.png, 297, 69.85, -69.02, 2.852
appbar.pin.png, 626, 293.283, -52.56, 5.357
appbar.transit.distance.to.png, 1075, 381.94800000000004, -33.49, 7.355
appbar.refresh.counterclockwise.down.png, 865, 357.034, -40.69, 6.454
appbar.sidebar.left.collapse.png, 626, 247.617, -48.56, 5.23
appbar.weather.sun.rise.png, 770, 313.789, -44.03, 5.8580000000000005
appbar.door.enter.png, 489, 199.064, -58.28, 4.351
appbar.network.server.connecting.png, 349, 98.07100000000001, -66.48, 3.342
appbar.greek.sigma.uppercase.png, 531, 227.822, -56.31, 4.889
appbar.checkmark.png, 581, 262.382, -54.04, 5.01
appbar.sound.left.right.png, 1328, 406.302, -26.88, 8.497
appbar.sound.2.png, 670, 309.244, -50.45, 8.396
appbar.graph.bar.png, 293, 64.551, -67.58, 2.857
appbar.grade.a.plus.png, 835, 332.05899999999997, -41.08, 6.257000000000001
appbar.folder.png, 249, 48.015, -77.11, 2.538
appbar.measure.inch.png, 581, 267.347, -53.36, 5.009
appbar.ferry.png, 675, 299.103, -48.89, 7.213
appbar.train.track.png, 821, 319.897, -41.05, 6.222
appbar.social.nuget.png, 763, 343.658, -46.4, 6.037
appbar.thermometer.signs.png, 779, 317.238, -44.16, 6.099
appbar.undo.curve.png, 783, 345.532, -44.57, 6.225
appbar.page.heart.png, 733, 306.558, -46.11, 5.902
appbar.scissor.png, 883, 351.18100000000004, -39.07, 6.550000000000001
appbar.scrabble.y.png, 742, 319.88, -45.69, 7.285
appbar.people.up.png, 1125, 461.594, -32.36, 7.496
appbar.music.select.png, 815, 335.208, -42.33, 6.265
appbar.sidebar.right.collapse.png, 650, 265.412, -48.77, 5.335
appbar.arrow.right.png, 262, 62.001, -75.95, 4.381
appbar.social.spotify.png, 1196, 400.265, -30.1, 7.808
appbar.bed.png, 617, 248.87300000000002, -49.76, 5.127
appbar.thumb.up.delete.png, 898, 347.385, -38.08, 7.577
appbar.magnify.arrow.up.png, 732, 310.317, -46.45, 7.587
appbar.smiley.angry.png, 873, 365.654, -40.55, 6.535
appbar.list.reorder.png, 532, 215.811, -54.7, 4.720000000000001
appbar.notification.star.png, 615, 251.865, -49.11, 5.171
appbar.social.amazon.appstore.png, 617, 262.447, -50.57, 5.181
appbar.moon.first.quarter.png, 533, 225.48499999999999, -56.47, 5.431
appbar.ticket.png, 1312, 448.844, -27.44, 8.561
appbar.image.png, 588, 243.505, -51.36, 5.24
appbar.social.sharethis.png, 595, 275.952, -52.44, 5.516
appbar.simcard.micro.png, 541, 231.20399999999998, -53.05, 4.997
appbar.religion.judaism.png, 723, 316.558, -45.64, 6.151
appbar.align.left.png, 247, 53.479, -77.33, 2.8800000000000003
appbar.crop.png, 620, 243.401, -46.94, 10.366
appbar.arrow.expand.png, 547, 269.363, -56.86, 4.948
appbar.box.layered.png, 866, 340.32, -39.38, 6.423
appbar.layout.collapse.left.png, 449, 166.259, -60.36, 4.123
appbar.home.question.png, 783, 324.65, -43.93, 7.204999999999999
appbar.clothes.tie.png, 770, 326.235, -42.34, 5.988
appbar.disconnect.png, 686, 292.632, -47.38, 5.852
appbar.os.x86.png, 1135, 393.63300000000004, -31.01, 8.309000000000001
appbar.control.rewind.png, 650, 289.64, -47.54, 5.583
appbar.plane.rotated.45.png, 959, 428.38300000000004, -36.08, 7.79
appbar.source.pull.png, 1057, 419.779, -33.59, 7.702
appbar.image.night.person.png, 880, 386.398, -40.0, 8.407
appbar.key.png, 746, 350.472, -46.25, 6.201
appbar.battery.0.png, 237, 44.638999999999996, -78.06, 2.508
appbar.bing.png, 704, 317.447, -47.59, 5.665
appbar.axis.z.letter.png, 503, 193.839, -56.26, 4.496
appbar.reset.png, 971, 370.00899999999996, -35.63, 6.863
appbar.image.hdr.png, 765, 323.38, -43.66, 6.1450000000000005
appbar.laser.png, 1122, 374.665, -31.28, 7.505999999999999
appbar.card.png, 354, 210.78900000000002, -65.82, 9.854999999999999
appbar.phone.voicemail.png, 503, 635.771, -57.46, 16.763
appbar.page.jpg.png, 867, 1107.5520000000001, -40.25, 18.775
appbar.chevron.down.png, 534, 654.5699999999999, -54.68, 13.903
appbar.page.image.png, 609, 803.381, -51.4, 14.824
appbar.calendar.png, 413, 406.355, -62.23, 11.356
appbar.globe.png, 1339, 1211.741, -27.33, 24.697
appbar.marvel.captainamerica.png, 1179, 1211.703, -30.45, 22.32
appbar.home.location.round.png, 851, 1080.7420000000002, -41.36, 22.468
appbar.cloud.download.png, 539, 624.579, -52.32, 13.403
appbar.save.png, 405, 479.108, -68.15, 11.674
appbar.cup.full.png, 976, 1071.2189999999998, -35.55, 20.022000000000002
appbar.page.0.png, 757, 923.866, -44.39, 21.112
appbar.cell.merge.png, 293, 240.832, -76.11, 8.925
appbar.column.two.png, 251, 153.085, -78.09, 7.617999999999999
appbar.draw.pen.add.png, 983, 1116.497, -36.32, 20.235
appbar.suitcase.png, 601, 765.7929999999999, -51.41, 15.048
appbar.currency.yen.png, 712, 1020.4359999999999, -48.03, 16.905
appbar.protractor.png, 598, 593.7909999999999, -47.66, 14.135
appbar.religion.islamic.png, 743, 915.197, -44.82, 16.86
appbar.debug.step.over.png, 489, 674.964, -62.37, 13.302
appbar.connection.wifi.variant.png, 1080, 1116.831, -32.96, 22.797
appbar.download.png, 556, 733.626, -56.29, 14.876999999999999
appbar.hourglass.png, 768, 956.722, -45.05, 17.564
appbar.controller.snes.png, 909, 938.7379999999999, -36.3, 25.075
appbar.border.top.png, 311, 262.579, -72.67, 9.201
appbar.bug.remove.png, 1138, 1109.3059999999998, -31.11, 21.808
appbar.input.pen.png, 696, 819.4540000000001, -46.7, 16.042
appbar.page.location.add.png, 483, 574.716, -59.63, 13.469
appbar.camera.switch.png, 947, 1006.659, -35.9, 19.352999999999998
appbar.location.png, 370, 292.234, -62.16, 11.506
appbar.tree.pine.png, 678, 895.351, -49.41, 16.341
appbar.social.facebook.png, 390, 379.55100000000004, -63.59, 10.972000000000001
appbar.text.align.left.png, 237, 126.558, -78.9, 11.006
appbar.social.basecamp.png, 891, 1005.8000000000001, -38.61, 18.936
appbar.page.corner.grid.png, 620, 785.5450000000001, -50.32, 15.037
appbar.layer.arrange.solid.sendbackward.png, 275, 127.54899999999999, -63.27, 7.575
appbar.chess.rook.png, 751, 879.323, -44.61, 16.87
appbar.database.sql.png, 1238, 1157.921, -29.24, 23.169999999999998
appbar.lightning.png, 512, 508.26300000000003, -53.12, 12.721
appbar.scrabble.a.png, 783, 984.108, -44.7, 17.649
appbar.camera.flash.off.png, 740, 916.612, -46.49, 20.351000000000003
appbar.video.png, 642, 760.062, -48.75, 15.086
appbar.inbox.out.png, 628, 713.264, -48.73, 14.764
appbar.new.png, 1116, 762.629, -32.53, 6.863
appbar.cell.row.delete.png, 395, 108.643, -61.52, 4.484
appbar.scrabble.m.png, 777, 305.862, -45.17, 5.511
appbar.resource.png, 862, 339.692, -41.3, 5.942
appbar.fan.box.png, 957, 322.082, -36.15, 6.253
appbar.os.android.png, 751, 306.758, -46.87, 5.651
appbar.paperclip.rotated.png, 763, 279.372, -43.77, 5.2940000000000005
appbar.office.access.png, 846, 284.676, -39.72, 5.567
appbar.vector.pen.convert.png, 935, 337.67, -37.43, 7.572
appbar.timer.png, 1111, 356.981, -31.86, 6.755
appbar.social.yahoo.png, 720, 253.442, -45.0, 5.027
appbar.social.digg.png, 556, 203.329, -52.16, 4.298
appbar.music.wifi.png, 848, 279.481, -38.8, 7.109
appbar.axis.xy.parentheses.png, 1090, 368.515, -33.21, 6.779999999999999
appbar.weather.sun.png, 1129, 351.783, -31.98, 6.888
appbar.tv.news.png, 927, 322.553, -37.32, 6.139
appbar.os.blackberry.png, 867, 300.27700000000004, -38.06, 5.675999999999999
appbar.music.live.png, 842, 308.005, -41.21, 5.927
appbar.page.file.pdf.tag.png, 587, 193.492, -49.74, 4.381
appbar.scrabble.d.png, 783, 287.871, -43.3, 6.551
appbar.alien.png, 291, 62.815999999999995, -71.48, 2.5660000000000003
appbar.logic.or.add.png, 902, 307.094, -38.25, 5.814
appbar.text.strikethrough.png, 752, 283.742, -45.08, 5.5440000000000005
appbar.elevator.down.png, 1092, 350.096, -32.05, 7.927999999999999
appbar.tower.png, 965, 347.89, -36.58, 6.248
appbar.bath.png, 556, 227.165, -55.76, 4.444
appbar.layout.collapse.right.variant.png, 470, 168.153, -60.0, 3.928
appbar.stock.down.png, 968, 313.877, -35.23, 7.343
appbar.arrow.collapsed.png, 541, 187.31300000000002, -52.87, 4.248
appbar.connection.wifi.png, 1172, 353.03299999999996, -30.55, 7.0520000000000005
appbar.alert.png, 788, 293.071, -42.64, 5.442
appbar.leaderboard.png, 726, 276.255, -46.97, 5.101
appbar.folder.star.png, 595, 235.324, -52.44, 4.508
appbar.text.size.down.png, 947, 342.33599999999996, -37.38, 6.223
appbar.office.png, 629, 234.074, -49.76, 4.677
appbar.percent.off.png, 1237, 351.75, -29.26, 7.2940000000000005
appbar.vector.pen.png, 800, 299.94100000000003, -43.38, 5.468
appbar.email.png, 612, 231.827, -50.98, 4.74
appbar.gauge.75.png, 945, 325.719, -37.35, 7.582
appbar.star.remove.png, 849, 283.144, -39.22, 5.822
appbar.list.reorder.down.png, 474, 156.23999999999998, -57.59, 3.803
appbar.os.windowsphone.round.png, 1348, 357.88100000000003, -26.04, 7.5680000000000005
appbar.input.down.png, 417, 122.339, -62.11, 4.817
appbar.hat.santa.png, 725, 254.672, -45.38, 5.186
appbar.border.bottom.png, 314, 100.11, -78.98, 3.012
appbar.new.window.png, 573, 206.656, -51.31, 4.412
appbar.social.aws.png, 705, 268.57399999999996, -47.09, 8.205
appbar.sidebar.right.expand.png, 625, 207.985, -48.16, 4.7540000000000004
appbar.link.png, 846, 320.63399999999996, -41.84, 5.785
appbar.tournament.bracket.up.png, 455, 150.93200000000002, -59.78, 3.706
appbar.checkmark.thick.png, 626, 219.639, -48.72, 5.955
appbar.page.location.png, 456, 154.846, -59.87, 3.9760000000000004
appbar.social.appnet.png, 1006, 353.30699999999996, -35.19, 6.577999999999999
appbar.social.vimeo.png, 815, 268.639, -40.49, 5.404
appbar.windowsphone.png, 481, 192.58, -61.54, 5.2490000000000006
appbar.tournament.bracket.down.png, 460, 148.156, -58.26, 3.8400000000000003
appbar.social.rdio.png, 807, 288.007, -41.76, 5.5649999999999995
appbar.stock.up.png, 947, 296.30899999999997, -35.59, 6.296
appbar.upload.png, 571, 201.267, -51.66, 5.626
appbar.social.reddit.png, 1223, 357.611, -28.95, 7.32
appbar.home.garage.png, 472, 182.338, -60.59, 3.967
appbar.circle.decline.png, 741, 261.702, -44.8, 5.236
appbar.switch.off.png, 944, 307.942, -36.02, 6.109
appbar.social.github.png, 817, 298.999, -42.35, 5.577999999999999
appbar.magnify.png, 683, 254.84400000000002, -48.02, 5.013
appbar.transit.distance.from.png, 1097, 324.001, -31.81, 6.837000000000001
appbar.page.pdf.png, 1017, 345.36899999999997, -34.71, 6.61
appbar.window.maximize.png, 463, 160.902, -59.83, 3.953
appbar.cursor.default.transform.horizontal.png, 601, 218.366, -50.75, 4.469
appbar.page.minus.png, 372, 93.973, -62.9, 3.104
appbar.plane.png, 895, 317.36199999999997, -38.99, 6.016
appbar.draw.pixel.grid.png, 319, 74.516, -69.91, 2.817
appbar.edit.add.png, 552, 184.372, -51.63, 4.244000000000001
appbar.sport.football.png, 1355, 358.147, -26.13, 7.7669999999999995
appbar.image.ants.png, 284, 56.786, -70.77, 3.856
appbar.chess.horse.png, 734, 272.703, -46.05, 5.231000000000001
appbar.store.png, 780, 294.068, -44.49, 5.468
appbar.chevron.right.png, 463, 140.841, -57.88, 3.69
appbar.film.gallery.png, 581, 197.13, -49.91, 6.417
appbar.heart.break.png, 800, 290.45300000000003, -42.88, 5.458
appbar.cloud.pause.png, 590, 222.584, -51.86, 4.464
appbar.slice.png, 558, 221.859, -54.12, 4.339
appbar.group.png, 1165, 369.209, -30.56, 8.540000000000001
appbar.list.two.png, 225, 26.828, -75.11, 2.038
appbar.potion.png, 594, 221.48000000000002, -52.02, 4.567
appbar.map.folds.png, 862, 312.35699999999997, -40.49, 6.01
appbar.office.publisher.png, 648, 244.233, -49.38, 6.182
appbar.social.wordpress.variant.png, 1404, 359.798, -25.64, 7.886000000000001
appbar.thermometer.digital.png, 1151, 343.57500000000005, -30.67, 6.96
appbar.type.null.png, 971, 334.998, -36.15, 6.295
appbar.scrabble.o.png, 796, 292.30400000000003, -42.34, 5.851
appbar.sound.0.png, 450, 150.098, -59.78, 3.7039999999999997
appbar.moon.sleep.png, 1104, 347.688, -32.7, 6.857
appbar.sort.numeric.ascending.png, 687, 217.316, -44.1, 4.812
appbar.message.profanity.png, 844, 297.643, -40.28, 5.8149999999999995
appbar.page.heartbreak.png, 891, 320.66299999999995, -39.17, 6.018
appbar.cabinet.png, 510, 195.98499999999999, -58.04, 4.198
appbar.connection.quality.veryhigh.png, 265, 37.178000000000004, -66.04, 2.278
appbar.usb.drive.png, 738, 288.951, -47.02, 5.263999999999999
appbar.social.slashdot.png, 537, 215.35199999999998, -55.12, 4.264
appbar.transit.bus.png, 838, 295.087, -40.69, 5.825
appbar.monitor.film.png, 448, 139.608, -59.15, 3.626
appbar.control.pause.png, 272, 47.201, -70.59, 4.096
appbar.control.eject.png, 346, 101.06400000000001, -70.23, 3.162
appbar.monitor.minus.png, 332, 83.08699999999999, -69.28, 2.977
appbar.quote.right.png, 707, 283.695, -47.1, 5.1659999999999995
appbar.clear.reflect.horizontal.png, 510, 207.51600000000002, -58.82, 4.289000000000001
appbar.movie.clapper.solid.png, 643, 228.672, -47.59, 4.809
appbar.tag.label.png, 545, 213.469, -55.05, 4.41
appbar.grid.png, 834, 294.09200000000004, -40.77, 5.677
appbar.section.collapse.all.png, 307, 71.059, -70.36, 2.716
appbar.list.check.png, 794, 280.127, -42.44, 9.554
appbar.camera.flash.auto.selected.png, 1531, 368.037, -23.58, 8.226
appbar.border.none.png, 319, 97.407, -76.49, 2.97
appbar.office.project.png, 637, 252.39299999999997, -50.86, 4.792
appbar.social.tumblr.png, 482, 172.90900000000002, -58.92, 5.227
appbar.tiles.nine.png, 234, 30.128, -72.22, 2.092
appbar.man.suitcase.png, 1073, 348.158, -33.46, 6.718
appbar.location.round.png, 673, 248.64600000000002, -46.81, 4.962000000000001
appbar.social.aim.png, 783, 288.572, -43.17, 6.785
appbar.text.overline.png, 834, 305.62899999999996, -41.25, 5.702999999999999
appbar.clipboard.png, 425, 143.655, -63.76, 3.6020000000000003
appbar.currency.cent.png, 681, 261.62, -48.46, 5.048
appbar.control.fastforward.variant.png, 458, 144.351, -57.64, 5.098
appbar.debug.step.into.png, 492, 174.277, -57.32, 4.087999999999999
appbar.transit.car.accident.png, 1510, 376.629, -23.97, 8.332
appbar.control.play.live.png, 643, 240.001, -48.68, 4.718
appbar.sort.alphabetical.descending.png, 640, 236.416, -49.69, 6.099
appbar.interface.button.png, 727, 270.101, -45.8, 5.2490000000000006
appbar.currency.dollar.free.png, 970, 345.491, -36.29, 6.3790000000000004
appbar.page.break.png, 362, 72.988, -56.63, 2.882
appbar.input.pen.down.png, 734, 321.046, -47.14, 7.484
appbar.scrabble.x.png, 757, 290.88399999999996, -43.2, 5.936
appbar.page.2.png, 744, 279.796, -43.55, 5.7219999999999995
appbar.page.powerpoint.png, 744, 277.079, -42.88, 5.7860000000000005
appbar.cog.png, 958, 368.64599999999996, -36.12, 8.495000000000001
appbar.shotglass.png, 1145, 407.56, -31.97, 13.447000000000001
appbar.social.dropbox.upload.png, 969, 417.827, -36.74, 7.415
appbar.creditcard.png, 487, 195.885, -57.08, 4.361000000000001
appbar.scrabble.b.png, 815, 348.626, -42.09, 8.482999999999999
appbar.social.facebook.heart.png, 681, 287.187, -47.72, 5.558
appbar.user.minus.png, 613, 273.096, -50.9, 5.464
appbar.smiley.happy.png, 954, 394.11600000000004, -37.0, 10.123999999999999
appbar.grade.b.png, 688, 318.029, -48.55, 5.601
appbar.axis.xy.png, 827, 336.731, -41.72, 6.271
appbar.marvel.ironman.mask.png, 849, 336.48699999999997, -39.93, 8.46
appbar.connection.quality.verylow.png, 266, 37.081, -63.91, 4.149
appbar.phone.hangup.png, 765, 392.609, -45.1, 6.061999999999999
appbar.cell.down.png, 439, 153.142, -60.36, 3.9309999999999996
appbar.grade.e.png, 361, 125.616, -68.98, 3.676
appbar.transit.car.png, 812, 314.081, -41.5, 6.144
appbar.framework.net.png, 561, 240.91899999999998, -52.76, 4.742999999999999
appbar.water.droplet.alert.png, 723, 311.35400000000004, -47.58, 5.626
appbar.clear.png, 510, 206.97099999999998, -56.47, 4.652
appbar.control.play.png, 434, 171.539, -62.21, 4.05
appbar.shopping.png, 665, 290.396, -48.72, 9.974
appbar.image.portrait.png, 571, 223.29399999999998, -51.14, 4.6290000000000004
appbar.marvel.ironman.png, 1194, 386.26700000000005, -29.9, 7.749
appbar.ornament.variant.png, 878, 340.041, -38.95, 6.391
appbar.layer.arrange.bringtofront.png, 746, 316.02200000000005, -46.11, 5.896
appbar.cards.club.png, 924, 368.97, -37.66, 6.666
appbar.language.python.png, 953, 382.027, -37.25, 6.853
appbar.social.dribbble.png, 1252, 392.361, -28.43, 10.899000000000001
appbar.video.basic.png, 440, 173.13799999999998, -61.82, 4.128
appbar.camera.png, 602, 262.967, -51.99, 5.069
appbar.lightbulb.hue.on.png, 1052, 378.594, -32.89, 7.239
appbar.scrabble.e.png, 562, 210.841, -51.6, 4.7299999999999995
appbar.tablet.windows.png, 283, 73.74600000000001, -74.2, 2.884
appbar.redo.point.png, 742, 328.50600000000003, -46.63, 5.888
appbar.page.corner.folded.png, 621, 232.334, -48.31, 4.976999999999999
appbar.layout.header.png, 297, 78.541, -73.4, 3.004
appbar.chess.king.png, 688, 307.809, -48.4, 5.832000000000001
appbar.filter.png, 457, 145.464, -55.58, 3.9909999999999997
appbar.adobe.indesign.png, 706, 293.53499999999997, -45.33, 6.982
appbar.rss.png, 1003, 508.115, -34.9, 8.48
appbar.timer.stop.png, 1112, 378.35, -31.56, 7.492999999999999
appbar.sleep.png, 773, 326.969, -44.63, 5.962000000000001
appbar.lightbulb.coil.png, 882, 350.793, -38.89, 6.525
appbar.page.new.png, 914, 391.777, -38.73, 6.715999999999999
appbar.adobe.flashbuilder.png, 744, 283.029, -43.82, 5.9750000000000005
appbar.social.untapped.png, 1167, 385.735, -29.91, 8.308
appbar.chess.pawn.png, 729, 341.495, -47.87, 7.691
appbar.monitor.to.png, 412, 182.69, -68.45, 4.051
appbar.moon.new.png, 914, 493.196, -38.62, 11.266
appbar.form.basic.png, 333, 197.943, -71.17, 4.273
appbar.starwars.jedi.png, 1522, 436.829, -23.65, 10.899000000000001
appbar.clipboard.variant.png, 428, 159.73399999999998, -62.15, 4.05
appbar.bike.parking.png, 1055, 371.046, -33.46, 7.191000000000001
appbar.unlock.png, 535, 196.353, -52.52, 4.522
appbar.mono.png, 940, 389.304, -38.3, 8.472
appbar.draw.button.png, 916, 373.229, -37.99, 6.708
appbar.adobe.illustrator.png, 784, 331.099, -43.88, 6.182
appbar.coupon.png, 726, 302.79499999999996, -46.14, 5.908
appbar.page.6.png, 776, 302.50300000000004, -43.17, 5.988
appbar.database.png, 570, 207.764, -50.88, 4.872999999999999
appbar.cloud.play.png, 610, 258.40000000000003, -50.98, 5.1770000000000005
appbar.loop.png, 575, 253.17899999999997, -53.39, 4.912
appbar.people.multiple.magnify.png, 1350, 411.708, -26.37, 13.540999999999999
appbar.delete.png, 657, 299.425, -49.62, 7.1450000000000005
appbar.calendar.tomorrow.png, 315, 98.663, -75.24, 3.27
appbar.dimension.arrow.line.height.thick.png, 489, 202.809, -59.51, 4.439
appbar.social.disqus.png, 916, 360.931, -38.32, 9.1
appbar.user.delete.png, 755, 331.57599999999996, -45.03, 6.091
appbar.page.3.png, 783, 325.31399999999996, -43.42, 6.11
appbar.gender.male.png, 795, 317.72499999999997, -42.64, 6.43
appbar.baby.png, 963, 355.84700000000004, -35.31, 6.911
appbar.stairs.down.png, 624, 244.99099999999999, -48.88, 5.221
appbar.scrabble.c.png, 831, 330.687, -40.79, 6.236000000000001
appbar.weather.sun.set.png, 805, 321.81399999999996, -41.24, 6.026
appbar.timer.play.png, 1160, 389.20500000000004, -30.34, 7.784
appbar.quote.left.png, 690, 286.04600000000005, -46.09, 5.672
appbar.dial.png, 522, 199.809, -53.83, 4.553
appbar.page.corner.png, 341, 76.821, -55.72, 3.162
appbar.at.png, 1325, 407.457, -26.87, 8.28
appbar.lamp.desk.variant.png, 550, 236.323, -53.82, 4.808
appbar.grade.c.plus.png, 816, 342.999, -42.16, 7.511
appbar.brick.png, 850, 568.673, -39.88, 12.177
appbar.vector.group.png, 343, 124.47500000000001, -67.06, 4.093
appbar.monitor.play.png, 444, 224.715, -65.77, 4.37
appbar.page.text.png, 398, 129.06699999999998, -62.56, 3.714
appbar.microsoft.tag.png, 901, 329.868, -37.51, 6.646
appbar.os.ubuntu.png, 1093, 385.14300000000003, -33.12, 7.507
appbar.window.restore.png, 284, 46.287, -62.32, 2.996
appbar.scrabble.w.png, 934, 380.927, -38.01, 6.854
appbar.home.garage.arrow.open.png, 630, 267.82, -49.68, 5.191000000000001
appbar.timer.5.png, 1255, 400.334, -29.08, 8.189
appbar.sort.png, 308, 81.76799999999999, -71.43, 3.065
appbar.box.png, 520, 198.471, -54.04, 4.552
appbar.sound.stereo.stack.png, 1056, 394.07399999999996, -34.19, 7.393000000000001
appbar.medical.pill.broken.png, 876, 324.731, -38.24, 6.496
appbar.draw.marker.png, 771, 351.23900000000003, -45.01, 6.141
appbar.people.arrow.right.png, 1015, 553.053, -33.6, 19.987000000000002
appbar.book.open.text.png, 472, 528.532, -58.69, 12.501
appbar.cabinet.out.png, 607, 666.913, -48.76, 14.735
appbar.movie.clapper.solid.select.png, 808, 959.45, -43.07, 17.753
appbar.layer.arrange.sendbackward.png, 645, 761.976, -49.3, 15.360000000000001
appbar.currency.rubles.png, 646, 848.428, -49.69, 20.045
appbar.adobe.dreamweaver.png, 1118, 1118.473, -31.84, 21.605
appbar.smiley.cry.png, 828, 947.014, -40.94, 18.003
appbar.monitor.delete.png, 457, 467.813, -57.77, 12.0
appbar.lightbulb.png, 750, 926.2080000000001, -45.6, 21.273
appbar.undo.png, 717, 880.236, -45.89, 17.229000000000003
appbar.group.delete.png, 1339, 1202.016, -27.11, 23.985
appbar.disk.upload.png, 458, 485.847, -59.39, 12.281
appbar.social.facebook.heart.break.png, 774, 896.401, -43.54, 20.638
appbar.connection.4g.png, 882, 1133.7189999999998, -39.57, 18.995
appbar.symbol.bracket.png, 259, 100.926, -61.39, 6.856
appbar.plane.rotated.135.png, 902, 1068.64, -38.58, 20.169
appbar.social.theverge.png, 1199, 1160.577, -29.61, 26.647000000000002
appbar.cursor.move.png, 409, 427.361, -64.79, 11.314
appbar.drinks.beer.guinness.png, 777, 1048.962, -45.3, 17.802
appbar.music.png, 654, 837.286, -50.15, 23.156
appbar.timer.2.png, 1273, 1486.278, -28.28, 27.127
appbar.fingerprint.png, 1637, 1211.241, -22.17, 27.909
appbar.social.engadget.png, 962, 1158.4730000000002, -37.01, 19.927
appbar.layer.delete.png, 704, 1190.2440000000001, -45.88, 20.146
appbar.creativecommons.png, 948, 1109.155, -37.13, 20.091
appbar.arrow.down.up.png, 625, 1004.2189999999999, -48.96, 15.013
appbar.camera.flash.png, 553, 719.3159999999999, -55.15, 15.118
appbar.card.2.png, 694, 792.329, -44.09, 19.549
appbar.flag.texas.png, 645, 748.823, -46.51, 15.128
appbar.social.coding4fun.png, 1226, 1115.5349999999999, -28.87, 23.255000000000003
appbar.page.small.png, 334, 310.065, -71.86, 9.705
appbar.social.jira.png, 819, 892.368, -40.54, 21.628999999999998
appbar.office.powerpoint.png, 698, 862.972, -46.56, 16.299
appbar.scrabble.k.png, 897, 1029.571, -38.02, 18.887999999999998
appbar.debug.restart.png, 436, 376.486, -56.42, 11.235999999999999
appbar.scrabble.t.png, 520, 621.848, -56.73, 17.427000000000003
appbar.column.three.png, 272, 215.818, -77.94, 8.144
appbar.timer.check.png, 1225, 383.15, -28.82, 7.306
appbar.thumb.up.add.png, 821, 308.068, -41.66, 5.579
appbar.smiley.squint.png, 823, 325.695, -43.26, 7.288
appbar.image.select.png, 671, 251.96099999999998, -47.99, 4.851
appbar.movie.clapper.png, 1095, 341.337, -31.32, 6.762
appbar.copyright.png, 661, 258.965, -49.62, 4.864
appbar.social.deviantart.png, 778, 294.86400000000003, -44.34, 5.483
appbar.currency.rupee.png, 653, 245.958, -49.46, 4.841
appbar.gauge.50.png, 963, 339.176, -36.45, 6.94
appbar.cup.half.png, 943, 333.004, -37.12, 7.7299999999999995
appbar.draw.brush.png, 1102, 338.484, -31.13, 6.844
appbar.page.word.png, 971, 329.923, -35.53, 6.33
appbar.vector.pen.add.png, 846, 299.196, -40.54, 5.849
appbar.book.open.text.image.png, 517, 194.40699999999998, -56.87, 5.547
appbar.card.9.png, 754, 304.71, -45.23, 5.239
appbar.moon.waxing.crescent.png, 644, 236.37199999999999, -49.22, 4.696
appbar.social.amazon.png, 909, 322.13000000000005, -38.28, 5.938
appbar.battery.2.png, 344, 95.97200000000001, -69.19, 4.084
appbar.food.candy.cane.png, 887, 331.62, -39.91, 5.959
appbar.lightbulb.hue.png, 724, 259.624, -44.75, 5.211
appbar.corner.png, 601, 227.252, -51.91, 4.53
appbar.os.windowsphone.png, 1054, 349.972, -33.97, 7.832999999999999
appbar.barcode.png, 298, 38.084, -53.36, 2.396
appbar.warning.png, 854, 313.306, -40.63, 5.793
appbar.os.ios.png, 1114, 346.403, -31.69, 6.809
appbar.closedcaption.png, 838, 281.381, -39.5, 7.0920000000000005
appbar.calendar.31.png, 800, 290.815, -42.88, 5.481
appbar.gauge.25.png, 960, 321.969, -35.73, 6.178
appbar.table.unselect.png, 709, 301.977, -49.51, 5.168
appbar.sign.interstate.png, 1168, 337.53, -29.88, 6.882
appbar.axis.yx.png, 732, 281.53299999999996, -46.04, 5.136
appbar.social.blogger.png, 753, 298.263, -45.82, 5.316999999999999
appbar.puzzle.round.png, 722, 246.106, -44.04, 6.524
appbar.hardware.headphones.bluetooth.png, 1290, 356.774, -27.83, 7.377
appbar.location.add.png, 487, 169.514, -58.32, 3.94
appbar.network.disconnect.png, 565, 215.938, -52.92, 4.4559999999999995
appbar.lock.png, 542, 198.334, -53.14, 5.39
appbar.vector.polygon.png, 766, 315.05699999999996, -45.69, 5.6530000000000005
appbar.social.pocket.png, 707, 282.152, -46.82, 5.759
appbar.cup.png, 983, 369.361, -35.81, 6.539
appbar.tiles.four.png, 239, 23.515, -63.18, 3.454
appbar.starwars.sith.png, 1192, 397.06399999999996, -30.45, 7.266
appbar.tv.png, 666, 253.50699999999998, -48.2, 4.983
appbar.book.hardcover.open.writing.png, 1305, 376.309, -27.66, 7.666
appbar.language.java.png, 1506, 376.87199999999996, -24.24, 8.447
appbar.social.digg.variant.png, 362, 112.013, -69.34, 3.1719999999999997
appbar.network.server.png, 338, 109.21300000000001, -73.67, 3.4
appbar.app.favorite.png, 636, 217.79100000000003, -48.11, 4.686
appbar.transform.flip.horizontal.png, 766, 294.143, -45.04, 8.088
appbar.social.behance.png, 851, 295.95500000000004, -39.48, 5.898
appbar.calendar.month.png, 478, 162.69400000000002, -58.37, 4.373
appbar.pie.png, 903, 297.66900000000004, -37.65, 6.702
appbar.scrabble.l.png, 507, 192.495, -57.59, 4.11
appbar.arrow.up.down.png, 629, 227.99, -49.28, 4.691
appbar.food.silverware.png, 669, 272.57300000000004, -48.43, 4.949
appbar.handicap.out.png, 952, 318.914, -36.03, 6.169
appbar.currency.dollar.png, 761, 293.733, -44.94, 9.232000000000001
appbar.card.8.png, 791, 304.771, -42.98, 5.426
appbar.social.aim.variant.png, 1054, 358.68699999999995, -33.11, 7.699
appbar.image.night.landscape.png, 733, 261.721, -44.75, 5.19
appbar.list.add.above.png, 292, 73.895, -76.03, 2.873
appbar.city.seattle.png, 827, 289.792, -40.75, 5.537
appbar.sort.numeric.png, 731, 278.98499999999996, -46.65, 5.2989999999999995
appbar.window.simple.png, 264, 39.609, -68.56, 2.264
appbar.sd.micro.png, 362, 98.376, -64.92, 4.403
appbar.thumbs.up.png, 795, 292.598, -42.14, 5.3870000000000005
appbar.arrow.down.png, 435, 139.043, -59.77, 7.105
appbar.office.infopath.png, 506, 195.12699999999998, -57.71, 4.301
appbar.rocket.png, 619, 236.994, -50.24, 7.098
appbar.infinite.png, 859, 329.356, -40.4, 5.98
appbar.people.right.png, 1031, 342.795, -34.63, 7.2
appbar.office.excel.png, 710, 256.305, -45.07, 5.1339999999999995
appbar.sort.alphabetical.png, 662, 261.23, -46.98, 6.794
appbar.shield.alert.png, 909, 324.248, -38.5, 6.122
appbar.paperclip.png, 741, 264.901, -44.8, 5.1450000000000005
appbar.people.status.png, 842, 309.971, -41.09, 5.8149999999999995
appbar.window.closed.png, 259, 30.809, -62.16, 2.049
appbar.social.facebook.variant.png, 560, 213.427, -54.11, 4.460999999999999
appbar.film.live.png, 1152, 346.904, -30.56, 7.458
appbar.network.port.png, 466, 181.999, -62.66, 3.897
appbar.os.gnome.png, 938, 351.9, -37.95, 7.539
appbar.moon.waning.crescent.png, 638, 221.86700000000002, -47.49, 4.725
appbar.interface.password.png, 665, 278.464, -48.57, 4.9350000000000005
appbar.adobe.acrobat.png, 1045, 326.601, -33.01, 6.526
appbar.camera.auto.png, 967, 308.729, -33.82, 6.3340000000000005
appbar.return.png, 1000, 337.528, -35.5, 6.597
appbar.camera.flash.selected.png, 1328, 380.21700000000004, -27.48, 7.743
appbar.phone.png, 711, 271.988, -47.12, 7.008
appbar.home.variant.enter.png, 701, 279.56399999999996, -47.79, 5.14
appbar.timer.1.png, 1218, 356.133, -29.56, 7.228
appbar.draw.pixel.fill.grid.png, 301, 82.13, -75.75, 2.757
appbar.check.png, 530, 189.65599999999998, -55.47, 5.821
appbar.home.variant.png, 633, 238.967, -49.76, 4.719
appbar.radar.screen.png, 1635, 387.459, -22.26, 8.807
appbar.lamp.variant.png, 684, 262.409, -47.37, 4.937
appbar.graph.line.down.png, 805, 295.14, -42.36, 7.503
appbar.zune.png, 1535, 380.306, -23.39, 8.405
appbar.input.question.png, 618, 226.802, -50.49, 4.851
appbar.connection.quality.low.png, 266, 34.68, -65.04, 2.261
appbar.stamp.empty.png, 689, 308.993, -49.93, 6.5760000000000005
appbar.graph.line.up.png, 811, 311.625, -42.42, 5.621
appbar.eye.png, 725, 288.586, -46.76, 5.265
appbar.card.7.png, 631, 246.733, -50.4, 4.674
appbar.arrow.up.png, 425, 146.06, -64.0, 4.865
appbar.social.foursquare.png, 879, 338.09099999999995, -40.16, 5.914
appbar.puzzle.png, 427, 132.126, -60.89, 3.5860000000000003
appbar.cards.diamond.png, 690, 284.26, -48.84, 5.084
appbar.layout.expand.left.variant.png, 463, 171.221, -60.26, 6.101
appbar.marketplace.old.png, 1045, 325.96000000000004, -33.4, 6.666
appbar.cards.heart.png, 808, 305.80899999999997, -42.82, 5.782
appbar.xbox.png, 1110, 372.678, -32.61, 7.322
appbar.heart.cross.png, 802, 321.22, -42.52, 10.416
appbar.grade.d.png, 654, 365.303, -50.15, 5.139
appbar.page.delete.png, 600, 226.013, -50.83, 4.502
appbar.page.corner.folded.grid.png, 918, 392.84799999999996, -37.15, 7.218
appbar.text.sans.png, 328, 89.884, -66.46, 3.319
appbar.social.unity.png, 1013, 370.35, -34.55, 7.097
appbar.stairs.up.png, 613, 288.54, -51.39, 5.5329999999999995
appbar.weather.thunder.png, 797, 357.276, -44.04, 6.128
appbar.checkmark.cross.png, 456, 178.894, -59.87, 4.2379999999999995
appbar.handicap.png, 903, 353.65999999999997, -38.21, 6.667
appbar.measure.centimeter.png, 722, 289.90700000000004, -45.29, 5.783
appbar.language.csharp.png, 1047, 358.323, -32.86, 8.597999999999999
appbar.browser.png, 1074, 395.40799999999996, -33.89, 7.549
appbar.draw.marker.reflection.png, 948, 370.316, -37.45, 6.796
appbar.transit.congestion.png, 1537, 426.76399999999995, -23.62, 9.544
appbar.people.left.png, 1008, 378.958, -34.23, 7.343999999999999
appbar.lamp.png, 440, 136.693, -55.91, 3.915
appbar.app.remove.png, 421, 153.23000000000002, -61.52, 4.189
appbar.text.serif.png, 462, 179.601, -60.17, 4.285
appbar.vector.line.png, 435, 144.87900000000002, -57.47, 5.802
appbar.thermometer.kelvin.png, 1011, 372.14399999999995, -34.52, 7.0809999999999995
appbar.star.invincible.png, 747, 294.236, -44.44, 5.829
appbar.gauge.100.png, 910, 369.572, -38.79, 6.683
appbar.anchor.png, 842, 395.904, -42.28, 7.449
appbar.refresh.counterclockwise.up.png, 860, 536.7760000000001, -40.23, 7.731
appbar.book.perspective.png, 592, 329.43899999999996, -50.68, 8.997
appbar.office.sharepoint.png, 804, 423.429, -42.41, 9.553
appbar.dimension.arrow.box.width.png, 408, 143.679, -61.27, 4.108
appbar.table.delete.png, 438, 161.932, -59.59, 4.197
appbar.connection.bluetooth.png, 664, 299.193, -49.4, 5.707
appbar.city.sanfrancisco.png, 622, 284.82, -50.8, 5.273
appbar.cursor.hand.png, 725, 321.454, -45.38, 11.12
appbar.progress.png, 1642, 485.32399999999996, -21.92, 11.758
appbar.chevron.left.png, 479, 249.307, -62.21, 4.757
appbar.moon.png, 774, 350.532, -44.7, 6.5009999999999994
appbar.movie.clapper.select.png, 1283, 414.319, -27.67, 8.505
appbar.border.right.png, 365, 139.209, -70.68, 3.657
appbar.scrabble.r.png, 786, 339.827, -43.77, 6.155
appbar.align.justify.png, 220, 38.988, -83.64, 2.491
appbar.dimension.arrow.line.width.png, 440, 187.333, -62.05, 6.106
appbar.graph.line.png, 703, 431.00500000000005, -47.51, 6.6290000000000004
appbar.dimension.arrow.line.height.short.png, 470, 233.51, -61.49, 4.667
appbar.axis.three.png, 884, 350.335, -38.35, 7.466
appbar.social.lastfm.png, 941, 359.467, -36.45, 6.704
appbar.section.expand.all.png, 312, 80.664, -69.23, 3.21
appbar.page.solid.cross.png, 502, 160.14700000000002, -51.2, 4.268
appbar.food.silverware.cross.png, 939, 361.284, -36.95, 6.79
appbar.man.suitcase.fast.png, 1344, 405.19699999999995, -27.46, 10.399000000000001
appbar.page.solid.png, 324, 85.83300000000001, -69.14, 3.175
appbar.inbox.in.png, 662, 298.90099999999995, -49.7, 5.57
appbar.visualstudio.news.png, 904, 406.366, -38.83, 6.6160000000000005
appbar.tiles.sixteen.png, 225, 32.544999999999995, -76.89, 2.198
appbar.layout.collapse.left.variant.png, 469, 200.345, -60.77, 4.527
appbar.add.multiple.png, 283, 49.818, -64.31, 2.629
appbar.social.wikipedia.png, 901, 340.822, -37.85, 6.669
appbar.cell.function.png, 997, 388.434, -34.8, 7.364
appbar.warning.circle.png, 825, 386.749, -42.3, 6.691
appbar.connection.ev.png, 669, 303.831, -48.28, 5.851
appbar.image.sports.png, 917, 381.687, -38.17, 7.038
appbar.page.4.png, 722, 336.82800000000003, -48.48, 7.399
appbar.group.minus.png, 1208, 398.415, -29.72, 7.85
appbar.tree.leaf.png, 761, 332.164, -44.94, 6.269
appbar.church.png, 794, 317.309, -42.7, 6.086
appbar.3d.collada.png, 999, 360.084, -34.53, 6.855
appbar.page.corner.text.png, 493, 177.893, -55.98, 4.345
appbar.medical.pill.png, 667, 279.729, -47.98, 5.378
appbar.ornament.png, 863, 358.196, -40.44, 6.594
appbar.measure.meter.png, 533, 228.803, -56.1, 4.760000000000001
appbar.draw.pen.minus.png, 960, 390.961, -36.77, 7.2090000000000005
appbar.image.gallery.png, 685, 327.363, -49.78, 5.5840000000000005
appbar.social.github.octocat.solid.png, 995, 387.805, -35.38, 8.444
appbar.os.windows.png, 1221, 413.88000000000005, -29.89, 8.271
appbar.input.keyboard.down.png, 586, 246.228, -51.88, 5.0
appbar.dimension.box.height.png, 453, 239.369, -58.72, 9.16
appbar.scale.unbalanced.png, 1494, 631.58, -24.5, 14.902000000000001
appbar.cabinet.files.variant.png, 476, 195.157, -59.45, 4.472
appbar.browser.ie.png, 1105, 399.68199999999996, -32.4, 7.715
appbar.journal.png, 746, 352.263, -46.11, 6.3
appbar.social.github.octocat.png, 1666, 418.113, -21.67, 11.375
appbar.vector.pen.minus.png, 820, 341.913, -41.46, 6.3660000000000005
appbar.navigate.next.png, 391, 122.143, -62.92, 3.7399999999999998
appbar.minecraft.civcraft.png, 1065, 379.416, -32.49, 7.66
appbar.social.gdgt.png, 565, 253.403, -54.16, 4.881
appbar.image.redeye.png, 632, 262.678, -48.89, 5.182
appbar.printer.blank.png, 354, 90.745, -64.12, 3.3609999999999998
appbar.calendar.range.png, 562, 217.501, -51.78, 5.09
appbar.input.keyboard.png, 541, 219.629, -52.87, 6.3340000000000005
appbar.image.landscape.png, 550, 219.832, -51.82, 4.952
appbar.table.select.png, 544, 222.765, -53.68, 4.753
appbar.adobe.bridge.png, 859, 336.292, -39.58, 6.481
appbar.calendar.plus.png, 441, 184.985, -63.27, 5.852
appbar.text.script.png, 734, 383.426, -47.28, 17.724
appbar.stairs.down.reflect.horizontal.png, 610, 786.813, -51.31, 14.934
appbar.usb.png, 532, 655.532, -54.32, 13.732
appbar.scrabble.j.png, 663, 871.992, -49.77, 20.136000000000003
appbar.palmtree.variant.png, 983, 1046.818, -34.69, 20.211
appbar.notification.png, 320, 301.19800000000004, -74.06, 9.777
appbar.sailboat.png, 738, 904.567, -44.04, 17.12
appbar.social.zappos.png, 827, 954.739, -41.35, 29.593
appbar.people.profile.png, 810, 949.785, -42.1, 18.276
appbar.calendar.dollar.png, 896, 1002.265, -38.17, 18.862000000000002
appbar.debug.step.out.png, 469, 546.268, -59.49, 12.822999999999999
appbar.stocking.png, 876, 1020.149, -39.27, 18.731
appbar.medical.pulse.png, 977, 1102.8899999999999, -36.03, 19.887999999999998
appbar.food.cupcake.png, 684, 776.478, -46.35, 15.705
appbar.video.standarddefinition.png, 996, 984.9780000000001, -33.73, 23.466
appbar.sign.interstate.75.png, 1044, 1130.217, -34.29, 20.86
appbar.connection.1x.png, 676, 843.6850000000001, -47.78, 15.751000000000001
appbar.monitor.png, 319, 258.222, -69.91, 9.535
appbar.map.aerial.png, 782, 964.33, -44.12, 24.729
appbar.clipboard.paper.check.png, 782, 908.4649999999999, -42.71, 18.233
appbar.3d.obj.png, 528, 639.1980000000001, -55.11, 13.707
appbar.connection.3g.png, 969, 1125.5120000000002, -36.33, 19.675
appbar.text.align.center.png, 243, 127.251, -77.37, 7.129
appbar.radar.png, 1182, 1109.907, -29.95, 22.317
appbar.page.download.png, 533, 680.1080000000001, -57.22, 13.742
appbar.flag.wavy.png, 488, 552.6039999999999, -56.15, 12.52
appbar.axis.y.letter.png, 560, 729.1039999999999, -53.39, 14.052
appbar.cd.png, 1020, 1177.194, -34.61, 24.499
appbar.disk.download.png, 438, 408.725, -58.45, 11.639999999999999
appbar.browser.wire.png, 1031, 1069.763, -33.85, 20.593
appbar.location.checkin.png, 700, 842.661, -47.0, 16.44
appbar.office.lync.png, 694, 850.095, -47.41, 16.133000000000003
appbar.layout.expand.left.png, 451, 550.486, -62.08, 12.683
appbar.book.open.png, 418, 437.95, -62.68, 12.866999999999999
appbar.plant.png, 974, 1077.102, -35.63, 19.574
appbar.refresh.png, 994, 1030.984, -34.61, 19.896
appbar.clean.png, 723, 857.274, -45.78, 16.499
appbar.grade.a.png, 711, 964.789, -48.24, 16.712999999999997
appbar.dimension.arrow.line.width.thick.png, 460, 463.426, -56.74, 15.653
appbar.scrabble.g.png, 855, 938.112, -40.94, 5.814
appbar.email.yahoo.png, 1094, 361.41, -33.09, 6.8149999999999995
appbar.calendar.future.png, 393, 131.522, -65.9, 3.3579999999999997
appbar.snowflake.png, 1246, 363.557, -28.73, 8.522
appbar.refresh.clockwise.up.png, 865, 339.449, -40.46, 5.864
appbar.message.send.png, 687, 282.223, -47.74, 5.04
appbar.pokeball.png, 946, 313.171, -36.36, 6.119999999999999
appbar.crosshair.png, 776, 288.113, -43.3, 5.564
appbar.power.png, 1047, 379.7, -33.81, 6.911
appbar.currency.grivna.png, 821, 370.09799999999996, -43.36, 8.139000000000001
appbar.social.wordpress.png, 1219, 555.289, -29.45, 13.686
appbar.page.7.png, 728, 554.3900000000001, -47.12, 10.928
appbar.base.select.png, 1309, 778.2470000000001, -27.35, 14.038
appbar.train.tunnel.png, 1232, 739.448, -28.81, 14.758000000000001
appbar.star.png, 702, 501.425, -46.72, 9.555
appbar.heart.outline.png, 1003, 677.668, -35.49, 11.653
appbar.bug.png, 979, 547.372, -36.87, 12.821000000000002
appbar.scrabble.n.png, 671, 517.6619999999999, -48.73, 12.523
appbar.magnify.forward.png, 693, 476.606, -47.91, 10.232
appbar.dimension.arrow.line.height.png, 497, 404.901, -58.35, 7.111
appbar.tools.png, 995, 442.024, -35.18, 7.4079999999999995
appbar.transform.rotate.counterclockwise.png, 823, 349.264, -41.19, 10.086
appbar.googleplus.png, 1062, 620.463, -33.24, 13.013
appbar.candle.png, 459, 190.373, -57.3, 4.804
appbar.dimension.line.height.png, 354, 111.47, -64.97, 4.241
appbar.thumb.up.minus.png, 728, 346.61199999999997, -45.88, 8.41
appbar.home.garage.arrow.close.png, 547, 268.309, -55.03, 4.979
appbar.layer.arrange.bringforward.png, 626, 265.673, -48.56, 5.626
appbar.clipboard.variant.edit.png, 715, 344.129, -46.29, 6.352
appbar.image.night.portrait.png, 766, 355.487, -43.99, 13.055000000000001
appbar.home.location.pin.png, 766, 396.497, -45.82, 7.211
appbar.list.merge.png, 565, 252.44100000000003, -51.5, 5.957
appbar.markup.png, 771, 356.039, -43.71, 6.944
appbar.home.gps.png, 975, 425.30400000000003, -35.08, 8.449
appbar.layer.perspective.up.png, 1142, 461.46799999999996, -31.35, 8.721
appbar.chevron.up.png, 537, 227.217, -51.77, 4.789
appbar.rocket.rotated.45.png, 738, 358.148, -45.93, 7.231
appbar.transform.rotate.left.png, 531, 246.18300000000002, -54.61, 5.244000000000001
appbar.video.send.png, 618, 326.602, -51.13, 5.930000000000001
appbar.scrabble.p.png, 757, 403.109, -46.24, 7.768
appbar.flag.png, 516, 271.648, -57.36, 6.404
appbar.image.macro.png, 708, 387.07000000000005, -47.32, 9.283
appbar.calculator.png, 471, 298.522, -57.75, 6.894
appbar.disk.png, 350, 186.499, -68.57, 5.678
appbar.layer.minus.png, 543, 320.0, -54.14, 5.913
appbar.folder.open.png, 480, 233.517, -58.33, 5.625
appbar.finder.png, 1008, 466.279, -34.33, 8.337000000000002
appbar.social.twitter.retweet.png, 490, 316.338, -58.98, 7.673
appbar.connect.png, 767, 551.158, -44.2, 10.603
appbar.youtube.png, 1325, 771.0219999999999, -27.62, 15.533999999999999
appbar.image.broken.png, 631, 662.864, -50.08, 12.328000000000001
appbar.social.uservoice.png, 1513, 1147.326, -23.93, 19.594
appbar.deeplink.round.png, 993, 815.549, -34.74, 16.825
appbar.social.drupal.png, 954, 754.733, -36.48, 12.229000000000001
appbar.steam.png, 1022, 857.5129999999999, -34.15, 16.433
appbar.page.bold.png, 356, 186.735, -64.33, 4.041
appbar.user.tie.png, 659, 424.993, -50.68, 8.862
appbar.page.check.png, 503, 248.375, -55.67, 5.572
appbar.globe.wire.png, 1381, 542.697, -26.43, 16.997999999999998
appbar.cursor.information.png, 809, 500.984, -42.77, 7.652
appbar.weather.rain.png, 934, 458.728, -35.97, 25.668
appbar.social.apple.mobileme.png, 546, 744.0219999999999, -55.13, 16.169
appbar.calendar.week.png, 433, 496.043, -61.43, 11.926
appbar.list.gear.png, 912, 1139.235, -38.27, 21.017
appbar.paw.png, 1088, 1321.266, -31.8, 22.034000000000002
appbar.draw.pencil.reflection.png, 608, 999.028, -51.81, 27.425
appbar.contrast.png, 892, 1592.4799999999998, -39.01, 19.558
appbar.paypal.png, 1152, 1262.366, -30.73, 28.355
appbar.food.icecream.bar.png, 491, 538.496, -54.58, 13.780000000000001
appbar.card.3.png, 720, 1225.069, -48.06, 18.488
appbar.city.png, 850, 1487.806, -39.41, 19.849999999999998
appbar.clipboard.variant.text.png, 537, 1259.592, -56.24, 31.775
appbar.shuffle.png, 878, 1534.623, -38.84, 21.728
appbar.timer.forward.png, 1636, 1540.259, -22.37, 48.263
appbar.settings.png, 953, 1150.548, -36.2, 20.908
appbar.stairs.up.reflect.horizontal.png, 616, 727.475, -48.7, 15.589
appbar.map.location.add.png, 838, 1132.6490000000001, -42.48, 19.026999999999997
appbar.social.kickstarter.png, 829, 1050.231, -41.98, 18.618
appbar.transit.connection.png, 1193, 1279.191, -30.68, 23.845000000000002
appbar.book.list.png, 303, 199.024, -65.68, 8.602
appbar.debug.stop.png, 218, 61.006, -63.76, 6.105
appbar.layout.expand.right.png, 463, 551.7760000000001, -57.02, 12.265
appbar.ring.png, 1116, 1795.435, -31.99, 38.349000000000004
appbar.thumbs.down.png, 785, 1686.1029999999998, -42.93, 34.91
appbar.cloud.upload.png, 537, 1123.6170000000002, -52.7, 23.2
appbar.forklift.load.png, 1226, 2210.474, -29.28, 39.955999999999996
appbar.image.snow.png, 942, 1776.2839999999999, -35.14, 33.31
appbar.social.ycombinator.png, 534, 835.928, -51.69, 17.277
appbar.smiley.tounge.png, 863, 1053.203, -39.98, 20.316000000000003
appbar.home.garage.open.png, 460, 482.183, -58.7, 12.467
appbar.cone.diagonal.png, 821, 972.403, -41.9, 18.396
appbar.home.people.png, 889, 1047.336, -38.36, 23.739
appbar.close.png, 383, 428.539, -66.84, 13.474
appbar.folder.people.png, 575, 769.578, -54.96, 16.753
appbar.text.size.up.png, 947, 1057.1950000000002, -36.75, 19.831999999999997
appbar.edit.box.png, 625, 711.083, -47.84, 16.979000000000003
appbar.battery.1.png, 326, 147.47199999999998, -68.71, 3.215
appbar.facebook.disconnect.png, 971, 367.19, -36.35, 7.6290000000000004
appbar.map.aerial.highway.png, 1886, 419.985, -19.46, 11.218
appbar.social.readability.png, 843, 351.296, -41.76, 7.006
appbar.tiles.minus.png, 246, 31.572999999999997, -64.63, 2.447
appbar.grade.b.plus.png, 762, 332.09, -45.14, 6.914
appbar.transit.construction.png, 1047, 378.004, -33.62, 8.184999999999999
appbar.social.dropbox.png, 986, 454.55400000000003, -35.4, 11.093
appbar.map.location.png, 838, 558.557, -41.53, 7.512
appbar.scrabble.i.png, 477, 194.66400000000002, -58.91, 4.326
appbar.box.unfolded.png, 283, 68.929, -72.44, 2.818
appbar.grade.d.plus.png, 739, 318.03, -45.6, 7.849
appbar.forrst.png, 838, 369.635, -41.41, 6.467
appbar.radioactive.png, 747, 322.443, -45.52, 5.8919999999999995
appbar.arcade.button.png, 1004, 397.03, -35.46, 7.868999999999999
appbar.people.arrow.left.png, 1008, 367.253, -34.23, 7.887999999999999
appbar.border.left.png, 357, 118.703, -68.35, 3.5100000000000002
appbar.grade.c.png, 698, 283.91499999999996, -45.99, 5.619
appbar.measure.farenheit.png, 547, 225.946, -53.56, 5.1419999999999995
appbar.map.satellite.png, 1889, 435.544, -19.53, 15.466000000000001
appbar.people.down.png, 1148, 395.972, -30.49, 8.356
appbar.dimension.line.width.short.png, 329, 128.39000000000001, -75.99, 3.448
appbar.adobe.audition.png, 913, 366.182, -37.9, 8.128
appbar.text.align.justify.png, 219, 28.874, -70.78, 5.482
appbar.lines.horizontal.4.png, 263, 105.10600000000001, -78.33, 4.231999999999999
appbar.page.file.gif.tag.png, 580, 423.817, -53.45, 8.074
appbar.image.focus.png, 634, 431.35499999999996, -48.74, 8.542
appbar.heart.png, 645, 463.725, -50.39, 5.364
appbar.quill.png, 655, 271.83000000000004, -48.7, 5.324
appbar.camera.switch.invert.png, 1546, 412.796, -23.61, 9.565000000000001
appbar.moon.full.png, 665, 304.135, -49.47, 5.5
appbar.social.cloudapp.png, 550, 219.20700000000002, -53.64, 6.3709999999999996
appbar.gauge.0.png, 903, 356.94100000000003, -37.98, 7.225
appbar.cell.align.png, 298, 93.05199999999999, -77.52, 3.124
appbar.layout.body.png, 299, 76.86800000000001, -70.57, 2.9450000000000003
appbar.filter.alphabetical.png, 875, 353.699, -39.31, 6.956
appbar.places.png, 764, 328.54, -45.03, 6.0089999999999995
appbar.trophy.png, 993, 372.12800000000004, -34.94, 7.759
appbar.controller.xbox.png, 1572, 413.021, -23.28, 9.884
appbar.magnify.add.png, 707, 334.127, -48.94, 7.4799999999999995
appbar.page.corner.folded.text.png, 772, 303.219, -43.13, 6.286
appbar.directions.png, 656, 295.255, -49.7, 5.445
appbar.input.png, 371, 116.83399999999999, -65.5, 3.576
appbar.cell.column.delete.png, 434, 196.81199999999998, -66.36, 5.772
appbar.scrabble.z.png, 753, 333.912, -45.82, 6.457
appbar.cursor.default.png, 576, 245.51700000000002, -52.95, 5.031
appbar.cogs.png, 1533, 416.49, -23.74, 9.45
appbar.layer.up.png, 571, 234.369, -52.54, 4.9030000000000005
appbar.image.backlight.png, 649, 250.13200000000003, -46.38, 5.244000000000001
appbar.sign.interstate.94.png, 1081, 364.22900000000004, -32.1, 7.612
appbar.os.windows.rt.png, 681, 281.926, -46.26, 5.422
appbar.page.edit.png, 684, 258.887, -45.47, 5.5040000000000004
appbar.calendar.year.png, 543, 232.807, -55.62, 4.999
appbar.adobe.premierpro.png, 711, 306.856, -45.71, 5.651
appbar.database.mysql.png, 1077, 387.486, -32.68, 8.262
appbar.vip.png, 815, 322.764, -41.47, 6.539
appbar.tournament.bracket.left.png, 418, 136.292, -60.53, 3.853
appbar.flag.bear.png, 1225, 402.12399999999997, -29.31, 8.845
appbar.home.png, 620, 286.466, -51.94, 6.966
appbar.marvel.shield.variant.png, 1456, 422.028, -24.45, 9.764
appbar.office.word.png, 705, 316.481, -47.23, 5.84
appbar.list.delete.inline.png, 426, 166.459, -62.68, 4.035
appbar.email.minimal.png, 548, 240.361, -54.74, 6.261
appbar.vector.rectangle.png, 278, 66.46199999999999, -69.42, 2.7230000000000003
appbar.door.lock.closed.png, 490, 200.21800000000002, -56.12, 4.452
appbar.page.music.png, 763, 318.826, -44.04, 6.119999999999999
appbar.checkmark.pencil.top.png, 816, 342.129, -41.91, 6.45
appbar.reply.calendar.png, 1066, 399.09499999999997, -33.49, 7.805000000000001
appbar.smiley.glasses.png, 1048, 490.774, -33.97, 7.609
appbar.film.list.png, 444, 192.09, -63.96, 4.2139999999999995
appbar.email.outlook.png, 1275, 430.074, -26.98, 12.947000000000001
appbar.fullscreen.png, 466, 218.774, -57.51, 5.193
appbar.train.png, 991, 492.165, -35.52, 9.922
appbar.layer.down.png, 577, 294.186, -52.17, 6.681
appbar.forklift.png, 1154, 487.966, -31.11, 11.295
appbar.money.png, 1413, 490.284, -25.19, 10.731
appbar.window.casement.closed.png, 266, 53.193999999999996, -65.41, 3.008
appbar.notification.multiple.png, 396, 156.401, -63.38, 4.4990000000000006
appbar.chess.bishop.png, 774, 362.537, -42.25, 7.765000000000001
appbar.math.plus.minus.png, 387, 193.356, -67.7, 4.64
appbar.office.onenote.png, 616, 334.81, -50.97, 6.643
appbar.console.png, 412, 180.65800000000002, -64.56, 4.688999999999999
appbar.sign.stop.png, 772, 385.322, -42.75, 7.6160000000000005
appbar.information.circle.png, 801, 405.235, -42.2, 10.27
appbar.thermometer.png, 750, 399.5, -45.07, 7.5009999999999994
appbar.confirm.yes.no.png, 703, 365.389, -46.94, 7.509
appbar.control.stop.png, 218, 24.198, -63.76, 2.366
appbar.page.upload.png, 525, 267.868, -55.43, 7.680000000000001
appbar.gift.png, 726, 357.79, -45.04, 8.288
appbar.transform.rotate.clockwise.png, 831, 436.03, -42.0, 8.344000000000001
appbar.list.select.png, 256, 66.75200000000001, -77.73, 3.156
appbar.hardware.headset.png, 1117, 439.882, -31.15, 11.083
appbar.social.playstation.png, 792, 424.103, -43.81, 8.027
appbar.location.foursquare.png, 603, 278.69500000000005, -48.92, 6.5729999999999995
appbar.app.png, 234, 37.504000000000005, -69.66, 2.75
appbar.drafting.centerline.png, 758, 417.788, -46.04, 7.821
appbar.vip.lowercase.png, 885, 442.275, -39.21, 9.414
appbar.calendar.day.png, 424, 204.361, -62.26, 5.027
appbar.social.pinterest.png, 1212, 502.0520000000001, -29.87, 10.171
appbar.logic.or.png, 598, 311.165, -50.17, 8.153
appbar.os.arm.png, 1001, 483.75800000000004, -34.37, 8.446
appbar.checkmark.pencil.png, 857, 514.635, -40.02, 8.727
appbar.arrow.left.png, 254, 66.513, -77.17, 3.248
appbar.share.open.png, 804, 400.868, -43.66, 8.770999999999999
appbar.list.delete.png, 409, 174.243, -64.3, 4.590000000000001
appbar.cup.empty.png, 729, 343.198, -44.31, 7.211
appbar.office.outlook.png, 783, 380.13599999999997, -42.91, 7.625
appbar.scrabble.h.png, 590, 302.23299999999995, -53.22, 8.227
appbar.logic.and.png, 854, 418.16999999999996, -40.28, 8.115
appbar.scrabble.s.png, 839, 412.711, -40.76, 8.084
appbar.map.png, 833, 394.671, -40.58, 7.951
appbar.sort.alphabetical.ascending.png, 619, 323.689, -50.89, 8.274999999999999
appbar.sound.3.png, 814, 397.831, -41.77, 7.936999999999999
appbar.page.add.png, 403, 161.62699999999998, -63.28, 4.619
appbar.team.png, 911, 412.00100000000003, -37.32, 8.426
appbar.measure.celcius.png, 705, 349.04400000000004, -46.1, 8.753
appbar.clear.inverse.png, 479, 222.556, -57.41, 5.1770000000000005
appbar.eye.hide.png, 893, 412.225, -37.29, 8.262
appbar.currency.pound.png, 633, 330.425, -49.13, 7.11
appbar.text.size.png, 909, 426.52, -38.39, 8.477
appbar.city.chicago.png, 585, 294.619, -50.94, 6.4510000000000005
appbar.network.server.disconnect.png, 506, 243.689, -56.13, 5.381
appbar.projector.png, 761, 409.022, -45.2, 7.734
appbar.list.add.below.png, 294, 103.699, -75.85, 6.045
appbar.type.boolean.png, 556, 247.112, -50.9, 5.787
appbar.diagram.png, 592, 318.71500000000003, -51.86, 6.6080000000000005
appbar.social.dropbox.download.png, 969, 445.78499999999997, -35.6, 8.705
appbar.sign.caution.png, 528, 279.24399999999997, -56.25, 7.9399999999999995
appbar.man.suitcase.run.png, 986, 442.603, -35.19, 8.908
appbar.resource.group.png, 949, 462.909, -37.72, 8.831999999999999
appbar.chat.png, 843, 405.10699999999997, -40.69, 7.969
appbar.dimension.arrow.box.height.png, 537, 272.202, -54.56, 6.116
appbar.centerline.png, 326, 89.035, -64.11, 3.689
appbar.layer.arrange.solid.bringtofront.png, 306, 94.071, -69.93, 3.6189999999999998
appbar.page.duplicate.png, 658, 356.777, -49.7, 6.774
appbar.tree.png, 792, 404.472, -43.43, 10.853
appbar.draw.pen.png, 942, 465.72200000000004, -37.79, 8.822
appbar.swap.png, 1230, 487.73100000000005, -29.19, 17.208000000000002
appbar.text.underline.png, 508, 253.24, -53.54, 5.287
appbar.message.smiley.png, 736, 321.611, -42.66, 7.204000000000001
appbar.card.5.png, 660, 358.495, -49.55, 7.678
appbar.cabinet.variant.png, 309, 98.201, -67.96, 3.836
appbar.visualstudio.png, 755, 357.967, -43.18, 8.046
appbar.source.fork.png, 1014, 463.698, -34.52, 11.056
appbar.thermometer.fahrenheit.png, 893, 451.80199999999996, -39.08, 8.526
appbar.repeat.png, 695, 368.83, -47.91, 7.35
appbar.weather.overcast.png, 1100, 448.104, -31.36, 7.697
appbar.social.yelp.png, 812, 349.195, -42.73, 6.228
appbar.scrabble.f.png, 588, 237.81, -51.87, 4.888
appbar.shield.png, 744, 337.42699999999996, -47.18, 6.013
appbar.timer.resume.png, 1106, 381.748, -32.37, 8.775
appbar.control.resume.png, 493, 198.016, -56.59, 4.445
appbar.truck.png, 636, 287.301, -50.79, 5.385
appbar.weather.snow.png, 993, 378.243, -35.55, 6.985
appbar.edit.minus.png, 503, 189.723, -54.87, 5.601
appbar.image.night.png, 766, 328.872, -44.91, 5.98
appbar.email.hardedge.png, 561, 243.507, -53.83, 4.84
appbar.adobe.speedgrade.png, 1196, 401.312, -30.18, 7.768
appbar.handicap.in.png, 973, 384.247, -36.18, 6.831
appbar.hardware.cpu.png, 540, 241.372, -56.11, 4.933
appbar.present.png, 583, 220.077, -49.06, 4.7780000000000005
appbar.video.gallery.png, 478, 188.947, -58.79, 4.303999999999999
appbar.border.horizontal.png, 303, 77.742, -71.29, 4.638
appbar.section.collapse.png, 261, 45.486, -68.2, 2.6310000000000002
appbar.crown.png, 999, 380.67400000000004, -35.14, 7.038
appbar.key.old.png, 698, 316.85600000000005, -48.28, 5.623
appbar.page.code.png, 716, 315.17400000000004, -46.79, 5.751
appbar.social.openid.png, 751, 312.526, -44.74, 5.929
appbar.axis.z.png, 595, 256.784, -51.6, 5.056
appbar.home.people.none.png, 904, 371.093, -38.94, 6.6930000000000005
appbar.share.png, 1221, 374.849, -28.42, 9.143
appbar.facebook.connect.png, 1027, 802.043, -34.96, 20.823
appbar.social.line.png, 937, 1110.677, -38.21, 19.723000000000003
appbar.archive.png, 892, 1050.413, -39.57, 18.773000000000003
appbar.hardware.headphones.png, 1039, 1078.209, -33.49, 20.221
appbar.billing.png, 1484, 1166.666, -24.12, 25.752
appbar.list.add.png, 302, 241.603, -73.18, 8.721
appbar.social.twitter.hashtag.png, 481, 583.8910000000001, -60.08, 12.743
appbar.connection.quality.high.png, 268, 123.46, -65.3, 7.068
appbar.adobe.flash.png, 400, 368.017, -61.75, 11.117999999999999
appbar.page.corner.cells.png, 587, 699.6080000000001, -51.62, 17.663999999999998
appbar.people.sensor.png, 980, 983.933, -34.39, 19.724
appbar.qr.png, 893, 1092.649, -39.87, 22.598
appbar.graph.boxplot.png, 256, 177.813, -79.69, 8.307
appbar.futurama.bender.png, 735, 934.628, -46.94, 17.084
appbar.page.solid.add.png, 371, 308.632, -62.8, 9.948
appbar.book.hardcover.open.png, 823, 1038.522, -42.65, 18.076999999999998
appbar.timer.rewind.png, 1674, 1176.5110000000002, -21.51, 31.409
appbar.smiley.grin.png, 895, 1095.506, -39.22, 20.297
appbar.page.excel.png, 856, 953.982, -39.49, 18.572000000000003
appbar.dnd.png, 1124, 1135.336, -31.94, 25.922
appbar.timer.4.png, 1253, 1157.958, -28.65, 23.168999999999997
appbar.na.png, 694, 828.936, -46.25, 16.709000000000003
appbar.cart.png, 693, 766.519, -45.45, 15.991999999999999
appbar.page.corner.text.break.png, 572, 641.0409999999999, -51.92, 24.965
appbar.connection.quality.medium.png, 268, 143.791, -69.03, 7.479
appbar.man.walk.png, 843, 955.288, -40.45, 18.294
appbar.list.reorder.up.png, 479, 564.4240000000001, -58.25, 12.663
appbar.scale.png, 1391, 1147.403, -25.31, 28.499
appbar.grade.a.minus.png, 758, 874.3349999999999, -43.93, 17.479000000000003
appbar.companioncube.png, 915, 1031.163, -37.27, 19.105
appbar.camera.flash.auto.png, 813, 900.856, -40.96, 17.607999999999997
appbar.social.linkedin.variant.png, 675, 897.503, -49.19, 16.264
appbar.border.outside.png, 307, 268.429, -74.27, 11.024000000000001
appbar.social.whatsapp.png, 2035, 1186.969, -17.84, 32.516000000000005
appbar.unlock.keyhole.png, 676, 897.452, -49.85, 16.473000000000003
appbar.marvel.avengers.png, 1002, 1138.028, -35.73, 20.51
appbar.os.x64.png, 1002, 1133.9850000000001, -35.33, 20.352
appbar.section.expand.png, 277, 148.348, -70.76, 2.4290000000000003
appbar.religion.christianity.png, 250, 26.596, -62.0, 2.097
appbar.cabinet.files.png, 385, 116.292, -65.71, 3.354
appbar.magnify.arrow.down.png, 736, 268.997, -45.38, 5.199
appbar.tournament.bracket.png, 580, 224.301, -52.41, 4.606
appbar.star.delete.png, 821, 301.18600000000004, -41.29, 5.516
appbar.moon.third.quarter.png, 509, 195.669, -57.17, 5.3
appbar.page.multiple.png, 448, 146.171, -59.6, 3.646
appbar.measure.foot.png, 585, 229.628, -52.48, 4.497
appbar.border.inner.png, 289, 70.35, -76.12, 2.662
appbar.printer.text.png, 394, 110.358, -62.69, 3.299
appbar.weather.station.png, 967, 311.81199999999995, -35.16, 8.017
appbar.list.png, 226, 26.055, -73.01, 2.049
appbar.user.add.png, 700, 249.901, -45.71, 4.919
appbar.calendar.14.png, 619, 206.68200000000002, -47.98, 4.465
appbar.transit.connection.departure.png, 686, 238.558, -45.92, 6.013
appbar.social.xing.png, 735, 282.926, -45.99, 6.737
appbar.control.guide.png, 355, 79.793, -62.82, 2.9979999999999998
appbar.forsale.png, 1182, 361.051, -30.29, 7.152
appbar.greek.sigma.lowercase.png, 929, 325.28000000000003, -37.03, 7.7299999999999995
appbar.cancel.png, 904, 331.909, -38.05, 6.164000000000001
appbar.draw.paintbrush.png, 644, 244.198, -49.69, 4.739
appbar.form.editable.png, 295, 86.593, -79.32, 2.839
appbar.group.add.png, 1291, 402.231, -27.58, 13.247
appbar.cell.insert.below.png, 278, 79.863, -74.46, 2.585
appbar.list.hidden.png, 256, 52.475, -78.52, 2.3579999999999997
appbar.scrabble.q.png, 927, 316.147, -37.11, 6.318
appbar.magnify.back.png, 694, 241.35899999999998, -45.39, 4.908
appbar.cd.eject.png, 1187, 353.894, -30.24, 7.18
appbar.dimension.box.width.png, 399, 127.386, -65.41, 3.464
appbar.text.align.right.png, 233, 40.862, -82.83, 2.191
appbar.page.5.png, 776, 285.036, -44.07, 5.424
appbar.scrabble.u.png, 640, 249.784, -50.31, 6.164000000000001
appbar.door.leave.png, 511, 185.39, -55.77, 3.975
appbar.sd.png, 323, 83.539, -69.35, 2.818
appbar.camera.send.png, 673, 213.71499999999997, -45.32, 4.799
appbar.weather.chance.png, 764, 272.206, -44.24, 5.3709999999999996
appbar.social.linkedin.png, 602, 251.39299999999997, -52.33, 4.675999999999999
appbar.browser.chrome.png, 1000, 339.806, -34.5, 6.369
appbar.people.multiple.png, 1320, 357.28900000000004, -27.12, 7.622
appbar.stop.png, 500, 170.661, -55.6, 5.237
appbar.dimension.arrow.line.width.short.png, 438, 150.817, -61.19, 3.814
appbar.gender.female.png, 748, 276.197, -45.19, 5.303999999999999
appbar.thermometer.celcius.png, 1018, 322.95, -34.09, 6.52
appbar.projector.screen.png, 569, 237.611, -55.18, 5.757
appbar.social.baidu.png, 991, 352.743, -35.82, 6.4879999999999995
appbar.tiles.plus.png, 257, 35.272, -67.32, 2.177
appbar.food.png, 843, 312.005, -40.45, 5.760000000000001
appbar.window.png, 266, 40.647999999999996, -67.67, 2.4520000000000004
appbar.vector.circle.png, 930, 330.45799999999997, -37.63, 6.327
appbar.edit.png, 477, 165.433, -57.86, 3.9090000000000003
appbar.transit.depart.png, 966, 312.243, -35.61, 6.378
appbar.skydrive.download.png, 1276, 355.109, -28.61, 7.515
appbar.social.arto.png, 1127, 354.959, -31.23, 7.036
appbar.circle.growth.png, 728, 255.774, -44.37, 5.298
appbar.man.sensor.png, 1089, 350.169, -31.96, 6.704
appbar.pie.quarter.png, 761, 272.865, -43.89, 7.183
appbar.page.cross.png, 498, 164.126, -55.22, 3.855
appbar.thermometer.honeywell.png, 720, 248.502, -44.44, 5.141
appbar.tv.remote.png, 1340, 349.117, -26.94, 7.558
appbar.network.home.disconnect.png, 709, 258.406, -45.84, 5.054
appbar.futurama.fry.png, 1184, 347.036, -30.15, 7.274
appbar.social.instapaper.png, 291, 49.263, -62.54, 2.37
appbar.water.droplet.png, 586, 240.198, -54.1, 4.662999999999999
appbar.monitor.identify.png, 447, 161.835, -62.86, 5.269
appbar.social.bebo.png, 809, 306.094, -43.02, 5.692
appbar.social.picasa.png, 975, 328.055, -35.38, 6.296
appbar.grade.f.png, 331, 88.527, -69.79, 2.932
appbar.grade.d.minus.png, 692, 258.351, -46.53, 7.149
appbar.newspaper.png, 515, 163.083, -53.4, 3.953
appbar.cloud.add.png, 1029, 318.17, -33.14, 6.355
appbar.timer.alert.png, 1317, 354.925, -27.03, 7.460999999999999
appbar.base.png, 1362, 358.206, -26.36, 7.656
appbar.network.port.disconnect.png, 620, 228.554, -50.32, 4.799
appbar.film.png, 897, 334.871, -38.57, 12.316
appbar.skydrive.upload.png, 1281, 451.998, -27.87, 8.68
appbar.paper.png, 312, 82.77900000000001, -74.36, 7.119999999999999
appbar.cards.spade.png, 811, 301.887, -42.54, 5.577
appbar.measure.mile.png, 634, 277.144, -51.26, 5.0520000000000005
appbar.smiley.frown.png, 924, 366.354, -37.01, 6.105
appbar.sound.mute.png, 698, 286.34, -48.28, 5.109
appbar.drinks.martini.png, 613, 258.90999999999997, -52.37, 4.623
appbar.navigate.previous.png, 388, 100.161, -59.79, 3.216
appbar.layout.collapse.right.png, 460, 189.25400000000002, -59.57, 3.757
appbar.gender.both.png, 868, 314.349, -39.52, 5.8180000000000005
appbar.page.8.png, 793, 309.897, -44.01, 5.597
appbar.axis.y.png, 502, 198.776, -59.56, 4.224
appbar.fullscreen.box.png, 267, 43.524, -68.91, 2.456
appbar.page.9.png, 773, 294.622, -44.11, 6.758
appbar.smiley.what.png, 679, 273.199, -48.9, 4.946
appbar.iphone.png, 538, 180.79600000000002, -51.3, 4.0889999999999995
appbar.cell.insert.above.png, 270, 65.414, -78.52, 2.56
appbar.layer.thick.png, 826, 311.331, -41.53, 7.004
appbar.newspaper.create.png, 691, 304.641, -49.78, 5.105
appbar.text.size.plus.png, 779, 279.06, -43.52, 5.66
appbar.undo.point.png, 733, 294.04200000000003, -47.2, 5.261
appbar.os.windows.8.png, 423, 134.132, -62.41, 3.702
appbar.camera.flash.off.selected.png, 1493, 354.614, -23.91, 8.184000000000001
appbar.scrabble.v.png, 811, 303.673, -42.42, 5.535
appbar.grade.c.minus.png, 716, 271.712, -46.65, 5.066
appbar.app.minus.png, 250, 38.045, -72.0, 2.1670000000000003
appbar.deeplink.png, 642, 215.946, -45.95, 5.6499999999999995
appbar.transit.arrive.png, 994, 307.20599999999996, -34.1, 6.276000000000001
appbar.social.trello.png, 474, 159.386, -57.81, 3.817
appbar.stock.png, 821, 303.575, -41.9, 7.19
appbar.location.delete.png, 592, 189.118, -48.48, 4.42
appbar.social.stackoverflow.png, 856, 322.74399999999997, -40.89, 6.763
appbar.billboard.png, 479, 159.441, -56.78, 3.8409999999999997
appbar.magnify.browse.png, 787, 269.50600000000003, -42.44, 6.9030000000000005
appbar.image.sunset.png, 724, 276.598, -46.41, 5.1450000000000005
appbar.control.rewind.variant.png, 401, 130.62199999999999, -64.59, 3.474
appbar.linkedin.png, 634, 213.552, -46.21, 4.561
appbar.timer.record.png, 1371, 377.253, -26.26, 8.427
appbar.stamp.png, 577, 206.35899999999998, -50.95, 5.511
appbar.chess.queen.png, 749, 285.618, -45.79, 5.337
appbar.card.6.png, 739, 303.515, -46.68, 5.229
appbar.moon.waxing.gibbous.png, 668, 275.99800000000005, -50.6, 4.986
appbar.hardware.mouse.png, 693, 252.95499999999998, -46.18, 4.925
appbar.foot.png, 718, 266.315, -45.68, 5.271
